parcel_id,crop_code,crop_name,province,agri_zone,area_tier,area_mu,area_ha,area_m2,perimeter_m,compactness,machinery_suitability,dominant_purity,mean_confidence,center_lon,center_lat,center_utm_x,center_utm_y
P0001,2,冬小麦,全国重要农区,全国重要农作物优势聚集片区,规范规整农田区 (<10万亩),749.26,49.9505,499504.6,11298.9,0.049,中/碎 (建议并块平整),0.885,0.486,-99.0481207,22.9411315,495066.38,2537003.87
P0002,1,夏玉米,全国重要农区,全国重要农作物优势聚集片区,规范规整农田区 (<10万亩),749.26,49.9505,499504.6,12715.0,0.039,中/碎 (建议并块平整),0.964,0.694,-100.035495,23.8576422,394559.27,2638851.1
P0003,2,冬小麦,全国重要农区,全国重要农作物优势聚集片区,规范规整农田区 (<10万亩),749.26,49.9505,499504.6,9599.0,0.068,中/碎 (建议并块平整),0.959,0.472,-101.5026343,21.6062844,240908.54,2391333.71
P0004,2,冬小麦,全国重要农区,全国重要农作物优势聚集片区,规范规整农田区 (<10万亩),747.91,49.8605,498604.6,6409.5,0.153,中/碎 (建议并块平整),0.973,0.463,-101.4769649,21.6679636,243676.22,2398122.54
P0005,2,冬小麦,全国重要农区,全国重要农作物优势聚集片区,规范规整农田区 (<10万亩),747.91,49.8605,498604.6,10641.7,0.055,中/碎 (建议并块平整),0.996,0.464,-101.6370905,21.6565236,227076.08,2397128.73
P0006,2,冬小麦,全国重要农区,全国重要农作物优势聚集片区,规范规整农田区 (<10万亩),747.91,49.8605,498604.6,8845.8,0.08,中/碎 (建议并块平整),0.866,0.504,-101.4682656,21.3055096,243943.02,2357964.66
P0007,1,夏玉米,全国重要农区,全国重要农作物优势聚集片区,规范规整农田区 (<10万亩),747.91,49.8605,498604.6,7862.2,0.101,中/碎 (建议并块平整),0.816,0.416,-99.3757048,21.9980164,461218.69,2432655.03
P0008,1,夏玉米,全国重要农区,全国重要农作物优势聚集片区,规范规整农田区 (<10万亩),747.91,49.8605,498604.6,11541.3,0.047,中/碎 (建议并块平整),0.969,0.636,-101.9109725,21.1870856,197747.95,2345629.78
P0009,1,夏玉米,全国重要农区,全国重要农作物优势聚集片区,规范规整农田区 (<10万亩),747.91,49.8605,498604.6,6457.6,0.15,中/碎 (建议并块平整),0.984,0.638,-101.5198658,21.6865965,239268.17,2400257.88
P0010,1,夏玉米,全国重要农区,全国重要农作物优势聚集片区,规范规整农田区 (<10万亩),747.91,49.8605,498604.6,7068.1,0.125,中/碎 (建议并块平整),0.937,0.66,-101.4935469,22.3054827,243110.75,2468762.81
P0011,1,夏玉米,全国重要农区,全国重要农作物优势聚集片区,规范规整农田区 (<10万亩),747.91,49.8605,498604.6,13354.7,0.035,中/碎 (建议并块平整),0.807,0.62,-100.6396641,21.2095237,329813.34,2346217.64
P0012,1,夏玉米,全国重要农区,全国重要农作物优势聚集片区,规范规整农田区 (<10万亩),746.56,49.7705,497704.6,10164.3,0.061,中/碎 (建议并块平整),0.957,0.691,-101.6441486,21.8658508,226742.23,2420328.11
P0013,2,冬小麦,全国重要农区,全国重要农作物优势聚集片区,规范规整农田区 (<10万亩),746.56,49.7705,497704.6,9777.8,0.065,中/碎 (建议并块平整),0.915,0.544,-101.9758398,23.7629418,196679.56,2631157.28
P0014,1,夏玉米,全国重要农区,全国重要农作物优势聚集片区,规范规整农田区 (<10万亩),746.56,49.7705,497704.6,6836.6,0.134,中/碎 (建议并块平整),0.834,0.5,-101.6092787,22.9191408,232373.23,2536943.01
P0015,2,冬小麦,全国重要农区,全国重要农作物优势聚集片区,规范规整农田区 (<10万亩),746.56,49.7705,497704.6,9570.7,0.068,中/碎 (建议并块平整),0.966,0.474,-100.5346232,21.3308825,340848.49,2359543.45
P0016,2,冬小麦,全国重要农区,全国重要农作物优势聚集片区,规范规整农田区 (<10万亩),746.56,49.7705,497704.6,7533.2,0.11,中/碎 (建议并块平整),0.772,0.618,-100.433242,21.4361013,351470.39,2371092.43
P0017,2,冬小麦,全国重要农区,全国重要农作物优势聚集片区,规范规整农田区 (<10万亩),746.56,49.7705,497704.6,12513.4,0.04,中/碎 (建议并块平整),0.937,0.505,-101.5524773,21.0058154,234668.68,2324910.78
P0018,1,夏玉米,全国重要农区,全国重要农作物优势聚集片区,规范规整农田区 (<10万亩),745.21,49.6805,496804.5,9086.8,0.076,中/碎 (建议并块平整),0.986,0.731,-101.9190169,22.1501892,198921.05,2452344.33
P0019,2,冬小麦,全国重要农区,全国重要农作物优势聚集片区,规范规整农田区 (<10万亩),745.21,49.6805,496804.5,8560.9,0.085,中/碎 (建议并块平整),0.88,0.561,-99.0191905,23.618905,498042.41,2612035.19
P0020,1,夏玉米,全国重要农区,全国重要农作物优势聚集片区,规范规整农田区 (<10万亩),745.21,49.6805,496804.5,9745.6,0.066,中/碎 (建议并块平整),0.989,0.684,-101.5068977,21.9430987,241072.85,2428646.48
P0021,1,夏玉米,全国重要农区,全国重要农作物优势聚集片区,规范规整农田区 (<10万亩),745.21,49.6805,496804.5,8724.2,0.082,中/碎 (建议并块平整),0.922,0.632,-101.8335036,21.048816,205523.51,2330166.99
P0022,1,夏玉米,全国重要农区,全国重要农作物优势聚集片区,规范规整农田区 (<10万亩),745.21,49.6805,496804.5,12544.0,0.04,中/碎 (建议并块平整),0.978,0.645,-101.7803242,22.1016451,213136.29,2446697.89
P0023,1,夏玉米,全国重要农区,全国重要农作物优势聚集片区,规范规整农田区 (<10万亩),745.21,49.6805,496804.5,8409.6,0.088,中/碎 (建议并块平整),0.922,0.591,-99.0709011,22.6171343,492713.61,2501139.39
P0024,1,夏玉米,全国重要农区,全国重要农作物优势聚集片区,规范规整农田区 (<10万亩),743.86,49.5905,495904.5,9861.6,0.064,中/碎 (建议并块平整),0.898,0.666,-101.1419077,21.6143127,278279.75,2391664.86
P0025,1,夏玉米,全国重要农区,全国重要农作物优势聚集片区,规范规整农田区 (<10万亩),743.86,49.5905,495904.5,5844.3,0.182,中/碎 (建议并块平整),0.84,0.622,-100.9862665,23.8391441,297696.91,2637835.39
P0026,1,夏玉米,全国重要农区,全国重要农作物优势聚集片区,规范规整农田区 (<10万亩),743.86,49.5905,495904.5,5468.8,0.208,中/碎 (建议并块平整),0.92,0.656,-101.2867125,21.5707866,263213.75,2387058.13
P0027,2,冬小麦,全国重要农区,全国重要农作物优势聚集片区,规范规整农田区 (<10万亩),743.86,49.5905,495904.5,11362.3,0.048,中/碎 (建议并块平整),0.971,0.485,-100.8874105,21.3178309,304235.7,2358496.01
P0028,1,夏玉米,全国重要农区,全国重要农作物优势聚集片区,规范规整农田区 (<10万亩),742.51,49.5005,495004.5,9627.4,0.067,中/碎 (建议并块平整),0.973,0.651,-101.1838464,22.0827913,274673.2,2443605.77
P0029,1,夏玉米,全国重要农区,全国重要农作物优势聚集片区,规范规整农田区 (<10万亩),742.51,49.5005,495004.5,9123.0,0.075,中/碎 (建议并块平整),0.931,0.601,-101.4173096,21.3422282,249293.95,2361949.26
P0030,2,冬小麦,全国重要农区,全国重要农作物优势聚集片区,规范规整农田区 (<10万亩),742.51,49.5005,495004.5,13817.3,0.033,中/碎 (建议并块平整),1.0,0.461,-101.1768045,22.0230955,275305.68,2436984.38
P0031,1,夏玉米,全国重要农区,全国重要农作物优势聚集片区,规范规整农田区 (<10万亩),741.16,49.4105,494104.5,12294.9,0.041,中/碎 (建议并块平整),0.985,0.614,-99.7017475,21.6236587,427374.14,2391336.1
P0032,1,夏玉米,全国重要农区,全国重要农作物优势聚集片区,规范规整农田区 (<10万亩),741.16,49.4105,494104.5,10956.7,0.052,中/碎 (建议并块平整),0.958,0.635,-100.4305201,23.3723741,353792.86,2585466.61
P0033,2,冬小麦,全国重要农区,全国重要农作物优势聚集片区,规范规整农田区 (<10万亩),741.16,49.4105,494104.5,5954.6,0.175,中/碎 (建议并块平整),0.92,0.506,-99.2008109,22.1831591,479298.82,2453114.03
P0034,1,夏玉米,全国重要农区,全国重要农作物优势聚集片区,规范规整农田区 (<10万亩),741.16,49.4105,494104.5,12805.4,0.038,中/碎 (建议并块平整),0.978,0.627,-99.7086681,22.7166237,427222.58,2512324.46
P0035,1,夏玉米,全国重要农区,全国重要农作物优势聚集片区,规范规整农田区 (<10万亩),741.16,49.4105,494104.5,12905.0,0.037,中/碎 (建议并块平整),0.947,0.514,-101.5715952,22.57021,235568.97,2498222.1
P0036,1,夏玉米,全国重要农区,全国重要农作物优势聚集片区,规范规整农田区 (<10万亩),741.16,49.4105,494104.5,4850.1,0.264,良 (基本适机),0.918,0.651,-101.6422432,22.1406544,227465.56,2450765.07
P0037,1,夏玉米,全国重要农区,全国重要农作物优势聚集片区,规范规整农田区 (<10万亩),741.16,49.4105,494104.5,9618.4,0.067,中/碎 (建议并块平整),0.951,0.582,-101.3592308,22.9703582,258121.8,2542182.58
P0038,1,夏玉米,全国重要农区,全国重要农作物优势聚集片区,规范规整农田区 (<10万亩),739.81,49.3205,493204.5,8677.4,0.082,中/碎 (建议并块平整),0.934,0.542,-99.0588762,22.2816405,493934.82,2464002.33
P0039,2,冬小麦,全国重要农区,全国重要农作物优势聚集片区,规范规整农田区 (<10万亩),739.81,49.3205,493204.5,3337.1,0.557,优 (规整适机),0.996,0.46,-101.895455,21.3093068,199608.38,2359140.01
P0040,1,夏玉米,全国重要农区,全国重要农作物优势聚集片区,规范规整农田区 (<10万亩),739.81,49.3205,493204.5,10443.3,0.057,中/碎 (建议并块平整),0.984,0.558,-101.7628367,22.4178027,215581.87,2481689.56
P0041,1,夏玉米,全国重要农区,全国重要农作物优势聚集片区,规范规整农田区 (<10万亩),739.81,49.3205,493204.5,9506.7,0.069,中/碎 (建议并块平整),0.891,0.58,-99.7167071,22.7354506,426407.05,2514412.6
P0042,2,冬小麦,全国重要农区,全国重要农作物优势聚集片区,规范规整农田区 (<10万亩),738.46,49.2305,492304.5,5250.5,0.224,中/碎 (建议并块平整),0.974,0.506,-100.6429277,21.0523437,329294.6,2328820.02
P0043,2,冬小麦,全国重要农区,全国重要农作物优势聚集片区,规范规整农田区 (<10万亩),738.46,49.2305,492304.5,9523.4,0.068,中/碎 (建议并块平整),0.965,0.473,-101.850099,22.2799805,206304.45,2466588.44
P0044,1,夏玉米,全国重要农区,全国重要农作物优势聚集片区,规范规整农田区 (<10万亩),737.11,49.1404,491404.5,9213.5,0.073,中/碎 (建议并块平整),0.963,0.443,-99.0447978,22.5777747,495394.9,2496781.48
P0045,1,夏玉米,全国重要农区,全国重要农作物优势聚集片区,规范规整农田区 (<10万亩),737.11,49.1404,491404.5,11365.7,0.048,中/碎 (建议并块平整),0.94,0.585,-101.5136485,21.7001844,239936.21,2401752.42
P0046,1,夏玉米,全国重要农区,全国重要农作物优势聚集片区,规范规整农田区 (<10万亩),735.76,49.0504,490504.5,9711.1,0.065,中/碎 (建议并块平整),0.916,0.666,-100.6136821,21.2914231,332603.22,2355256.9
P0047,1,夏玉米,全国重要农区,全国重要农作物优势聚集片区,规范规整农田区 (<10万亩),735.76,49.0504,490504.5,8715.7,0.081,中/碎 (建议并块平整),0.972,0.469,-101.874429,23.0401869,205425.1,2550862.05
P0048,1,夏玉米,全国重要农区,全国重要农作物优势聚集片区,规范规整农田区 (<10万亩),735.76,49.0504,490504.5,13567.2,0.033,中/碎 (建议并块平整),0.949,0.539,-100.3369435,22.829294,362807.54,2525243.96
P0049,2,冬小麦,全国重要农区,全国重要农作物优势聚集片区,规范规整农田区 (<10万亩),734.41,48.9604,489604.5,9801.3,0.064,中/碎 (建议并块平整),0.978,0.483,-100.9822375,21.6480534,294860.77,2395181.67
P0050,2,冬小麦,全国重要农区,全国重要农作物优势聚集片区,规范规整农田区 (<10万亩),734.41,48.9604,489604.5,11695.9,0.045,中/碎 (建议并块平整),0.54,0.542,-99.0565262,23.8680555,494244.81,2639619.72
P0051,1,夏玉米,全国重要农区,全国重要农作物优势聚集片区,规范规整农田区 (<10万亩),734.41,48.9604,489604.5,6943.6,0.128,中/碎 (建议并块平整),0.912,0.718,-101.8095832,22.0794307,210070.3,2444292.39
P0052,2,冬小麦,全国重要农区,全国重要农作物优势聚集片区,规范规整农田区 (<10万亩),733.06,48.8704,488704.5,5546.1,0.2,中/碎 (建议并块平整),0.919,0.551,-100.9473757,23.9244095,301789.02,2647224.01
P0053,1,夏玉米,全国重要农区,全国重要农作物优势聚集片区,规范规整农田区 (<10万亩),733.06,48.8704,488704.5,6532.2,0.144,中/碎 (建议并块平整),0.967,0.439,-99.1074984,23.8947031,489057.34,2642572.94
P0054,1,夏玉米,全国重要农区,全国重要农作物优势聚集片区,规范规整农田区 (<10万亩),733.06,48.8704,488704.5,9263.9,0.072,中/碎 (建议并块平整),0.683,0.6,-100.1039008,23.9886435,387706.53,2653409.05
P0055,1,夏玉米,全国重要农区,全国重要农作物优势聚集片区,规范规整农田区 (<10万亩),733.06,48.8704,488704.5,9117.3,0.074,中/碎 (建议并块平整),0.985,0.639,-99.9541184,23.142161,402320.04,2559576.75
P0056,1,夏玉米,全国重要农区,全国重要农作物优势聚集片区,规范规整农田区 (<10万亩),733.06,48.8704,488704.5,10327.2,0.058,中/碎 (建议并块平整),0.978,0.7,-101.5604651,22.1948552,236005.99,2456624.27
P0057,1,夏玉米,全国重要农区,全国重要农作物优势聚集片区,规范规整农田区 (<10万亩),733.06,48.8704,488704.5,8763.0,0.08,中/碎 (建议并块平整),0.972,0.601,-100.7249888,23.179901,323437.12,2564481.38
P0058,2,冬小麦,全国重要农区,全国重要农作物优势聚集片区,规范规整农田区 (<10万亩),731.71,48.7804,487804.5,8004.8,0.096,中/碎 (建议并块平整),0.98,0.5,-99.0196243,22.8913505,497987.27,2531492.51
P0059,1,夏玉米,全国重要农区,全国重要农作物优势聚集片区,规范规整农田区 (<10万亩),731.71,48.7804,487804.5,8202.6,0.091,中/碎 (建议并块平整),0.961,0.536,-101.4757549,21.708563,243873.34,2402617.23
P0060,1,夏玉米,全国重要农区,全国重要农作物优势聚集片区,规范规整农田区 (<10万亩),731.71,48.7804,487804.5,7414.4,0.112,中/碎 (建议并块平整),0.961,0.646,-101.1585651,21.8309324,276889.51,2415677.12
P0061,2,冬小麦,全国重要农区,全国重要农作物优势聚集片区,规范规整农田区 (<10万亩),731.71,48.7804,487804.5,12713.6,0.038,中/碎 (建议并块平整),0.976,0.469,-101.5623138,22.2048939,235834.09,2457739.47
P0062,1,夏玉米,全国重要农区,全国重要农作物优势聚集片区,规范规整农田区 (<10万亩),731.71,48.7804,487804.5,7264.9,0.116,中/碎 (建议并块平整),0.985,0.523,-101.0392356,22.907857,290843.45,2534768.86
P0063,2,冬小麦,全国重要农区,全国重要农作物优势聚集片区,规范规整农田区 (<10万亩),731.71,48.7804,487804.5,7999.3,0.096,中/碎 (建议并块平整),0.976,0.468,-101.1344858,21.455769,278808.1,2374097.75
P0064,2,冬小麦,全国重要农区,全国重要农作物优势聚集片区,规范规整农田区 (<10万亩),731.71,48.7804,487804.5,12673.3,0.038,中/碎 (建议并块平整),0.954,0.537,-99.5801812,22.4755203,440314.19,2485577.45
P0065,2,冬小麦,全国重要农区,全国重要农作物优势聚集片区,规范规整农田区 (<10万亩),731.71,48.7804,487804.5,6581.2,0.142,中/碎 (建议并块平整),0.987,0.468,-100.8900165,22.2274533,305198.14,2459218.92
P0066,1,夏玉米,全国重要农区,全国重要农作物优势聚集片区,规范规整农田区 (<10万亩),731.71,48.7804,487804.5,7301.3,0.115,中/碎 (建议并块平整),0.982,0.441,-101.6953337,21.1975555,220170.67,2346393.04
P0067,2,冬小麦,全国重要农区,全国重要农作物优势聚集片区,规范规整农田区 (<10万亩),731.71,48.7804,487804.5,9037.6,0.075,中/碎 (建议并块平整),0.978,0.464,-101.6142967,21.7954561,229696.42,2412477.86
P0068,2,冬小麦,全国重要农区,全国重要农作物优势聚集片区,规范规整农田区 (<10万亩),730.36,48.6904,486904.5,5757.8,0.185,中/碎 (建议并块平整),0.993,0.464,-100.6064031,21.0427066,333079.63,2327714.46
P0069,1,夏玉米,全国重要农区,全国重要农作物优势聚集片区,规范规整农田区 (<10万亩),730.36,48.6904,486904.5,9346.3,0.07,中/碎 (建议并块平整),0.998,0.625,-101.8566343,22.7441418,206613.1,2518026.03
P0070,2,冬小麦,全国重要农区,全国重要农作物优势聚集片区,规范规整农田区 (<10万亩),730.36,48.6904,486904.5,11024.5,0.05,中/碎 (建议并块平整),0.993,0.477,-100.9582013,21.8364921,297613.23,2416015.87
P0071,1,夏玉米,全国重要农区,全国重要农作物优势聚集片区,规范规整农田区 (<10万亩),730.36,48.6904,486904.5,9672.7,0.065,中/碎 (建议并块平整),0.922,0.569,-100.4458355,22.8227776,351624.76,2524627.77
P0072,1,夏玉米,全国重要农区,全国重要农作物优势聚集片区,规范规整农田区 (<10万亩),730.36,48.6904,486904.5,10612.5,0.054,中/碎 (建议并块平整),0.952,0.506,-101.7438562,22.2650747,217228.63,2464734.26
P0073,1,夏玉米,全国重要农区,全国重要农作物优势聚集片区,规范规整农田区 (<10万亩),730.36,48.6904,486904.5,8899.4,0.077,中/碎 (建议并块平整),0.895,0.63,-101.3468287,21.5389189,256933.13,2383621.46
P0074,1,夏玉米,全国重要农区,全国重要农作物优势聚集片区,规范规整农田区 (<10万亩),730.36,48.6904,486904.5,10107.7,0.06,中/碎 (建议并块平整),0.922,0.577,-101.7926455,21.1412446,209952.04,2340330.51
P0075,1,夏玉米,全国重要农区,全国重要农作物优势聚集片区,规范规整农田区 (<10万亩),729.01,48.6004,486004.4,12515.8,0.039,中/碎 (建议并块平整),0.943,0.658,-101.1937827,21.8342229,273253.3,2416092.97
P0076,1,夏玉米,全国重要农区,全国重要农作物优势聚集片区,规范规整农田区 (<10万亩),729.01,48.6004,486004.4,12116.4,0.042,中/碎 (建议并块平整),0.957,0.618,-101.8497783,22.2201958,206212.67,2459964.4
P0077,2,冬小麦,全国重要农区,全国重要农作物优势聚集片区,规范规整农田区 (<10万亩),729.01,48.6004,486004.4,7766.5,0.101,中/碎 (建议并块平整),0.522,0.597,-99.0502335,22.0968023,494818.38,2443542.53
P0078,2,冬小麦,全国重要农区,全国重要农作物优势聚集片区,规范规整农田区 (<10万亩),729.01,48.6004,486004.4,6540.7,0.143,中/碎 (建议并块平整),0.956,0.469,-101.5737997,22.1274762,234503.92,2449184.09
P0079,2,冬小麦,全国重要农区,全国重要农作物优势聚集片区,规范规整农田区 (<10万亩),729.01,48.6004,486004.4,7412.0,0.111,中/碎 (建议并块平整),0.98,0.465,-101.0266934,22.5555737,291596.75,2495737.5
P0080,1,夏玉米,全国重要农区,全国重要农作物优势聚集片区,规范规整农田区 (<10万亩),727.66,48.5104,485104.4,7419.9,0.111,中/碎 (建议并块平整),0.904,0.646,-101.9206581,21.514729,197415.87,2381945.88
P0081,1,夏玉米,全国重要农区,全国重要农作物优势聚集片区,规范规整农田区 (<10万亩),727.66,48.5104,485104.4,13910.0,0.032,中/碎 (建议并块平整),0.959,0.625,-101.4180049,21.7233313,249875.99,2404158.4
P0082,2,冬小麦,全国重要农区,全国重要农作物优势聚集片区,规范规整农田区 (<10万亩),727.66,48.5104,485104.4,10018.1,0.061,中/碎 (建议并块平整),0.959,0.468,-101.6569927,22.1108322,225885.7,2447488.11
P0083,1,夏玉米,全国重要农区,全国重要农作物优势聚集片区,规范规整农田区 (<10万亩),726.31,48.4204,484204.4,13525.0,0.033,中/碎 (建议并块平整),0.794,0.638,-100.8858528,23.0532844,306786.51,2550663.81
P0084,2,冬小麦,全国重要农区,全国重要农作物优势聚集片区,规范规整农田区 (<10万亩),726.31,48.4204,484204.4,11794.6,0.044,中/碎 (建议并块平整),0.996,0.469,-101.8093919,21.8536697,209630.95,2419281.76
P0085,2,冬小麦,全国重要农区,全国重要农作物优势聚集片区,规范规整农田区 (<10万亩),726.31,48.4204,484204.4,11958.7,0.043,中/碎 (建议并块平整),0.993,0.466,-101.8315255,22.1612384,207973.47,2453397.43
P0086,2,冬小麦,全国重要农区,全国重要农作物优势聚集片区,规范规整农田区 (<10万亩),726.31,48.4204,484204.4,11232.1,0.048,中/碎 (建议并块平整),0.955,0.577,-100.1143275,21.9635803,384943.57,2429214.32
P0087,2,冬小麦,全国重要农区,全国重要农作物优势聚集片区,规范规整农田区 (<10万亩),726.31,48.4204,484204.4,8885.4,0.077,中/碎 (建议并块平整),0.991,0.463,-101.9813887,23.1710805,194753.39,2565585.36
P0088,2,冬小麦,全国重要农区,全国重要农作物优势聚集片区,规范规整农田区 (<10万亩),724.96,48.3304,483304.4,11956.6,0.042,中/碎 (建议并块平整),0.989,0.523,-99.1169361,23.0696454,488022.36,2551234.31
P0089,1,夏玉米,全国重要农区,全国重要农作物优势聚集片区,规范规整农田区 (<10万亩),724.96,48.3304,483304.4,11246.4,0.048,中/碎 (建议并块平整),0.713,0.587,-100.5303436,22.5339899,342621.55,2492739.68
P0090,2,冬小麦,全国重要农区,全国重要农作物优势聚集片区,规范规整农田区 (<10万亩),724.96,48.3304,483304.4,10624.2,0.054,中/碎 (建议并块平整),0.978,0.513,-100.1098566,22.2055568,385600.35,2455998.28
P0091,1,夏玉米,全国重要农区,全国重要农作物优势聚集片区,规范规整农田区 (<10万亩),724.96,48.3304,483304.4,4341.9,0.322,良 (基本适机),0.907,0.564,-100.7806071,22.4288924,316740.97,2481387.29
P0092,2,冬小麦,全国重要农区,全国重要农作物优势聚集片区,规范规整农田区 (<10万亩),724.96,48.3304,483304.4,9924.4,0.062,中/碎 (建议并块平整),0.985,0.463,-101.8727069,22.4140621,204256.8,2481487.56
P0093,1,夏玉米,全国重要农区,全国重要农作物优势聚集片区,规范规整农田区 (<10万亩),723.61,48.2404,482404.4,7550.8,0.106,中/碎 (建议并块平整),0.797,0.617,-99.8412783,22.3428185,413370.58,2471014.74
P0094,1,夏玉米,全国重要农区,全国重要农作物优势聚集片区,规范规整农田区 (<10万亩),723.61,48.2404,482404.4,11679.1,0.044,中/碎 (建议并块平整),0.948,0.611,-99.8647971,21.6096235,410490.18,2389867.57
P0095,1,夏玉米,全国重要农区,全国重要农作物优势聚集片区,规范规整农田区 (<10万亩),723.61,48.2404,482404.4,8170.0,0.091,中/碎 (建议并块平整),0.873,0.488,-101.671036,23.06767,226335.63,2553511.45
P0096,2,冬小麦,全国重要农区,全国重要农作物优势聚集片区,规范规整农田区 (<10万亩),723.61,48.2404,482404.4,10871.9,0.051,中/碎 (建议并块平整),0.937,0.515,-100.0422647,22.3832238,392703.78,2475617.11
P0097,1,夏玉米,全国重要农区,全国重要农作物优势聚集片区,规范规整农田区 (<10万亩),722.26,48.1504,481504.4,10251.2,0.058,中/碎 (建议并块平整),0.963,0.64,-101.3978548,22.2066213,252799.65,2457653.13
P0098,1,夏玉米,全国重要农区,全国重要农作物优势聚集片区,规范规整农田区 (<10万亩),722.26,48.1504,481504.4,10886.6,0.051,中/碎 (建议并块平整),0.933,0.659,-101.244356,21.7237436,267846.27,2403933.3
P0099,2,冬小麦,全国重要农区,全国重要农作物优势聚集片区,规范规整农田区 (<10万亩),722.26,48.1504,481504.4,6346.2,0.15,中/碎 (建议并块平整),0.964,0.467,-101.7056257,22.0381198,220722.65,2439521.8
P0100,1,夏玉米,全国重要农区,全国重要农作物优势聚集片区,规范规整农田区 (<10万亩),720.91,48.0604,480604.4,8274.4,0.088,中/碎 (建议并块平整),0.895,0.596,-101.4929513,22.2571543,243083.77,2463408.7
P0101,2,冬小麦,全国重要农区,全国重要农作物优势聚集片区,规范规整农田区 (<10万亩),720.91,48.0604,480604.4,7512.0,0.107,中/碎 (建议并块平整),0.536,0.561,-100.3041972,23.5400536,366873.63,2603910.8
P0102,1,夏玉米,全国重要农区,全国重要农作物优势聚集片区,规范规整农田区 (<10万亩),720.91,48.0604,480604.4,9827.4,0.063,中/碎 (建议并块平整),0.959,0.669,-101.1101693,22.0217939,282184.2,2436743.67
P0103,1,夏玉米,全国重要农区,全国重要农作物优势聚集片区,规范规整农田区 (<10万亩),720.91,48.0604,480604.4,14630.8,0.028,中/碎 (建议并块平整),0.974,0.629,-100.2930752,23.9692453,368441.16,2651424.73
P0104,1,夏玉米,全国重要农区,全国重要农作物优势聚集片区,规范规整农田区 (<10万亩),720.91,48.0604,480604.4,10896.1,0.051,中/碎 (建议并块平整),0.933,0.551,-101.7885249,21.1928689,210480.84,2346041.54
P0105,1,夏玉米,全国重要农区,全国重要农作物优势聚集片区,规范规整农田区 (<10万亩),720.91,48.0604,480604.4,5440.4,0.204,中/碎 (建议并块平整),0.97,0.648,-100.7002492,23.7776346,326752.7,2630644.57
P0106,2,冬小麦,全国重要农区,全国重要农作物优势聚集片区,规范规整农田区 (<10万亩),719.56,47.9704,479704.4,9259.7,0.07,中/碎 (建议并块平整),0.966,0.467,-101.4550766,21.4073785,245488.03,2369225.52
P0107,1,夏玉米,全国重要农区,全国重要农作物优势聚集片区,规范规整农田区 (<10万亩),719.56,47.9704,479704.4,9288.2,0.07,中/碎 (建议并块平整),0.938,0.673,-101.9534798,21.2631774,193488.91,2354141.37
P0108,1,夏玉米,全国重要农区,全国重要农作物优势聚集片区,规范规整农田区 (<10万亩),719.56,47.9704,479704.4,11057.5,0.049,中/碎 (建议并块平整),0.987,0.642,-101.4898414,21.0344169,241232.23,2327975.62
P0109,1,夏玉米,全国重要农区,全国重要农作物优势聚集片区,规范规整农田区 (<10万亩),719.56,47.9704,479704.4,7563.2,0.105,中/碎 (建议并块平整),0.927,0.505,-101.6381119,22.9978332,229571.11,2545713.46
P0110,1,夏玉米,全国重要农区,全国重要农作物优势聚集片区,规范规整农田区 (<10万亩),719.56,47.9704,479704.4,8457.5,0.084,中/碎 (建议并块平整),0.979,0.542,-99.3169416,22.4389957,467386.55,2481453.36
P0111,1,夏玉米,全国重要农区,全国重要农作物优势聚集片区,规范规整农田区 (<10万亩),719.56,47.9704,479704.4,7297.7,0.113,中/碎 (建议并块平整),0.902,0.536,-101.9484861,21.6655166,194847.6,2398705.6
P0112,2,冬小麦,全国重要农区,全国重要农作物优势聚集片区,规范规整农田区 (<10万亩),718.21,47.8804,478804.4,11663.9,0.044,中/碎 (建议并块平整),0.991,0.519,-101.1747267,21.4527668,274631.95,2373822.7
P0113,1,夏玉米,全国重要农区,全国重要农作物优势聚集片区,规范规整农田区 (<10万亩),718.21,47.8804,478804.4,8693.7,0.08,中/碎 (建议并块平整),0.812,0.534,-99.9782651,22.6478594,399484.27,2504869.21
P0114,1,夏玉米,全国重要农区,全国重要农作物优势聚集片区,规范规整农田区 (<10万亩),716.86,47.7904,477904.4,7695.6,0.101,中/碎 (建议并块平整),0.904,0.528,-99.135755,22.6320805,486050.19,2502798.48
P0115,1,夏玉米,全国重要农区,全国重要农作物优势聚集片区,规范规整农田区 (<10万亩),716.86,47.7904,477904.4,12460.2,0.039,中/碎 (建议并块平整),0.951,0.596,-101.3926966,21.5154863,252140.67,2381098.5
P0116,2,冬小麦,全国重要农区,全国重要农作物优势聚集片区,规范规整农田区 (<10万亩),716.86,47.7904,477904.4,7061.1,0.12,中/碎 (建议并块平整),0.964,0.482,-100.8341934,21.117211,309499.42,2336218.61
P0117,1,夏玉米,全国重要农区,全国重要农作物优势聚集片区,规范规整农田区 (<10万亩),716.86,47.7904,477904.4,7889.2,0.096,中/碎 (建议并块平整),0.976,0.653,-101.7543126,22.5743224,216779.05,2499013.28
P0118,1,夏玉米,全国重要农区,全国重要农作物优势聚集片区,规范规整农田区 (<10万亩),716.86,47.7904,477904.4,11058.7,0.049,中/碎 (建议并块平整),0.976,0.557,-99.2459567,22.3683181,474678.17,2473616.21
P0119,2,冬小麦,全国重要农区,全国重要农作物优势聚集片区,规范规整农田区 (<10万亩),715.51,47.7004,477004.4,8457.6,0.084,中/碎 (建议并块平整),0.842,0.491,-100.3078408,23.9745489,366944.17,2652025.87
P0120,1,夏玉米,全国重要农区,全国重要农作物优势聚集片区,规范规整农田区 (<10万亩),715.51,47.7004,477004.4,8456.1,0.084,中/碎 (建议并块平整),0.904,0.642,-101.9967984,21.2574668,188978.29,2353593.49
P0121,2,冬小麦,全国重要农区,全国重要农作物优势聚集片区,规范规整农田区 (<10万亩),715.51,47.7004,477004.4,8249.3,0.088,中/碎 (建议并块平整),0.985,0.462,-101.9427028,21.2361902,194552.37,2351130.71
P0122,1,夏玉米,全国重要农区,全国重要农作物优势聚集片区,规范规整农田区 (<10万亩),715.51,47.7004,477004.4,10772.5,0.052,中/碎 (建议并块平整),0.968,0.595,-101.6876342,22.1740556,222846.75,2454547.29
P0123,2,冬小麦,全国重要农区,全国重要农作物优势聚集片区,规范规整农田区 (<10万亩),714.16,47.6104,476104.4,11320.0,0.047,中/碎 (建议并块平整),0.934,0.571,-100.4211848,22.4487973,353759.47,2483196.57
P0124,2,冬小麦,全国重要农区,全国重要农作物优势聚集片区,规范规整农田区 (<10万亩),714.16,47.6104,476104.4,7533.2,0.105,中/碎 (建议并块平整),0.968,0.466,-101.4072332,22.0782395,251607.1,2443449.11
P0125,1,夏玉米,全国重要农区,全国重要农作物优势聚集片区,规范规整农田区 (<10万亩),714.16,47.6104,476104.4,7036.6,0.121,中/碎 (建议并块平整),0.883,0.506,-101.3600366,22.0810719,256484.0,2443686.59
P0126,1,夏玉米,全国重要农区,全国重要农作物优势聚集片区,规范规整农田区 (<10万亩),714.16,47.6104,476104.4,9189.7,0.071,中/碎 (建议并块平整),0.902,0.64,-101.2571409,21.7945048,266637.82,2411789.03
P0127,1,夏玉米,全国重要农区,全国重要农作物优势聚集片区,规范规整农田区 (<10万亩),714.16,47.6104,476104.4,8675.2,0.079,中/碎 (建议并块平整),0.922,0.584,-101.4285556,23.3649522,251740.73,2586008.25
P0128,1,夏玉米,全国重要农区,全国重要农作物优势聚集片区,规范规整农田区 (<10万亩),714.16,47.6104,476104.4,13252.1,0.034,中/碎 (建议并块平整),0.947,0.603,-99.6915067,23.0238744,429144.6,2546329.89
P0129,2,冬小麦,全国重要农区,全国重要农作物优势聚集片区,规范规整农田区 (<10万亩),714.16,47.6104,476104.4,9170.4,0.071,中/碎 (建议并块平整),0.975,0.475,-99.633153,22.1214799,434700.26,2446409.05
P0130,1,夏玉米,全国重要农区,全国重要农作物优势聚集片区,规范规整农田区 (<10万亩),712.81,47.5204,475204.3,9359.5,0.068,中/碎 (建议并块平整),0.989,0.662,-101.549618,21.8447063,236477.39,2417820.96
P0131,2,冬小麦,全国重要农区,全国重要农作物优势聚集片区,规范规整农田区 (<10万亩),712.81,47.5204,475204.3,9844.9,0.062,中/碎 (建议并块平整),0.973,0.464,-100.7016667,21.2300188,323400.88,2348554.62
P0132,1,夏玉米,全国重要农区,全国重要农作物优势聚集片区,规范规整农田区 (<10万亩),712.81,47.5204,475204.3,11848.8,0.043,中/碎 (建议并块平整),0.975,0.623,-101.2374678,21.6711841,268474.97,2398102.35
P0133,1,夏玉米,全国重要农区,全国重要农作物优势聚集片区,规范规整农田区 (<10万亩),712.81,47.5204,475204.3,7604.0,0.103,中/碎 (建议并块平整),0.958,0.461,-99.2612209,22.5545281,473142.58,2494231.02
P0134,1,夏玉米,全国重要农区,全国重要农作物优势聚集片区,规范规整农田区 (<10万亩),712.81,47.5204,475204.3,8689.4,0.079,中/碎 (建议并块平整),0.979,0.573,-99.9949926,23.4088475,398337.81,2589130.96
P0135,1,夏玉米,全国重要农区,全国重要农作物优势聚集片区,规范规整农田区 (<10万亩),712.81,47.5204,475204.3,10335.1,0.056,中/碎 (建议并块平整),0.953,0.689,-101.1965531,21.8463906,272986.08,2417444.54
P0136,2,冬小麦,全国重要农区,全国重要农作物优势聚集片区,规范规整农田区 (<10万亩),712.81,47.5204,475204.3,13203.0,0.034,中/碎 (建议并块平整),0.939,0.503,-100.1468528,22.2469054,381821.23,2460604.17
P0137,1,夏玉米,全国重要农区,全国重要农作物优势聚集片区,规范规整农田区 (<10万亩),711.46,47.4304,474304.3,12374.7,0.039,中/碎 (建议并块平整),0.958,0.611,-101.6285233,22.3512941,229286.96,2474073.7
P0138,1,夏玉米,全国重要农区,全国重要农作物优势聚集片区,规范规整农田区 (<10万亩),711.46,47.4304,474304.3,12342.0,0.039,中/碎 (建议并块平整),0.958,0.519,-101.6136067,21.6271163,229452.93,2393830.26
P0139,2,冬小麦,全国重要农区,全国重要农作物优势聚集片区,规范规整农田区 (<10万亩),711.46,47.4304,474304.3,8134.4,0.09,中/碎 (建议并块平整),0.939,0.472,-101.0532817,21.6439139,287500.16,2394818.88
P0140,2,冬小麦,全国重要农区,全国重要农作物优势聚集片区,规范规整农田区 (<10万亩),711.46,47.4304,474304.3,8874.1,0.076,中/碎 (建议并块平整),0.966,0.479,-101.9552423,22.0957513,195064.98,2446385.27
P0141,1,夏玉米,全国重要农区,全国重要农作物优势聚集片区,规范规整农田区 (<10万亩),711.46,47.4304,474304.3,13677.4,0.032,中/碎 (建议并块平整),0.991,0.605,-101.3908614,22.2739788,253638.82,2465102.15
P0142,1,夏玉米,全国重要农区,全国重要农作物优势聚集片区,规范规整农田区 (<10万亩),711.46,47.4304,474304.3,8425.5,0.084,中/碎 (建议并块平整),0.949,0.539,-100.8565722,21.3767909,307512.14,2364986.06
P0143,2,冬小麦,全国重要农区,全国重要农作物优势聚集片区,规范规整农田区 (<10万亩),711.46,47.4304,474304.3,7307.0,0.112,中/碎 (建议并块平整),0.954,0.469,-101.5596512,22.0616845,235841.55,2441871.88
P0144,2,冬小麦,全国重要农区,全国重要农作物优势聚集片区,规范规整农田区 (<10万亩),711.46,47.4304,474304.3,8589.1,0.081,中/碎 (建议并块平整),0.934,0.475,-101.3940118,22.0603801,252940.86,2441449.56
P0145,1,夏玉米,全国重要农区,全国重要农作物优势聚集片区,规范规整农田区 (<10万亩),711.46,47.4304,474304.3,9510.9,0.066,中/碎 (建议并块平整),0.968,0.735,-101.9315268,22.1152627,197555.26,2448499.62
P0146,2,冬小麦,全国重要农区,全国重要农作物优势聚集片区,规范规整农田区 (<10万亩),711.46,47.4304,474304.3,5936.7,0.169,中/碎 (建议并块平整),0.975,0.476,-100.8893401,22.2102164,305244.07,2457309.37
P0147,2,冬小麦,全国重要农区,全国重要农作物优势聚集片区,规范规整农田区 (<10万亩),710.11,47.3404,473404.3,6285.4,0.151,中/碎 (建议并块平整),0.998,0.463,-101.7402234,21.9907508,217055.34,2434338.12
P0148,2,冬小麦,全国重要农区,全国重要农作物优势聚集片区,规范规整农田区 (<10万亩),710.11,47.3404,473404.3,8825.9,0.076,中/碎 (建议并块平整),0.909,0.547,-101.7582714,21.1327797,213507.96,2339330.4
P0149,2,冬小麦,全国重要农区,全国重要农作物优势聚集片区,规范规整农田区 (<10万亩),710.11,47.3404,473404.3,6661.7,0.134,中/碎 (建议并块平整),0.983,0.486,-100.7206472,21.6533274,321945.3,2395442.7
P0150,1,夏玉米,全国重要农区,全国重要农作物优势聚集片区,规范规整农田区 (<10万亩),708.76,47.2504,472504.3,5861.5,0.173,中/碎 (建议并块平整),0.964,0.59,-100.9803538,23.924908,298432.26,2647325.91
P0151,2,冬小麦,全国重要农区,全国重要农作物优势聚集片区,规范规整农田区 (<10万亩),708.76,47.2504,472504.3,8661.2,0.079,中/碎 (建议并块平整),0.958,0.491,-100.9337393,21.4951287,299671.0,2378185.53
P0152,1,夏玉米,全国重要农区,全国重要农作物优势聚集片区,规范规整农田区 (<10万亩),708.76,47.2504,472504.3,6575.1,0.137,中/碎 (建议并块平整),0.99,0.405,-99.2874562,22.7757104,470492.52,2518719.98
P0153,2,冬小麦,全国重要农区,全国重要农作物优势聚集片区,规范规整农田区 (<10万亩),708.76,47.2504,472504.3,6752.6,0.13,中/碎 (建议并块平整),0.996,0.461,-101.6558042,21.0072815,223924.85,2325248.38
P0154,1,夏玉米,全国重要农区,全国重要农作物优势聚集片区,规范规整农田区 (<10万亩),708.76,47.2504,472504.3,8962.6,0.074,中/碎 (建议并块平整),0.926,0.589,-99.1254118,23.8615741,487230.62,2638906.66
P0155,1,夏玉米,全国重要农区,全国重要农作物优势聚集片区,规范规整农田区 (<10万亩),707.41,47.1604,471604.3,7465.8,0.106,中/碎 (建议并块平整),0.947,0.595,-101.0767439,22.6879333,286652.97,2510466.55
P0156,1,夏玉米,全国重要农区,全国重要农作物优势聚集片区,规范规整农田区 (<10万亩),707.41,47.1604,471604.3,11100.2,0.048,中/碎 (建议并块平整),0.935,0.651,-100.2989663,23.9495587,367821.65,2649250.29
P0157,1,夏玉米,全国重要农区,全国重要农作物优势聚集片区,规范规整农田区 (<10万亩),707.41,47.1604,471604.3,9031.1,0.073,中/碎 (建议并块平整),0.935,0.518,-101.8052794,21.254753,208861.88,2352927.45
P0158,2,冬小麦,全国重要农区,全国重要农作物优势聚集片区,规范规整农田区 (<10万亩),706.06,47.0704,470704.3,9405.8,0.067,中/碎 (建议并块平整),0.989,0.477,-100.8412568,21.1131309,308760.39,2335775.36
P0159,2,冬小麦,全国重要农区,全国重要农作物优势聚集片区,规范规整农田区 (<10万亩),706.06,47.0704,470704.3,8087.9,0.09,中/碎 (建议并块平整),0.956,0.51,-101.7417703,21.1924728,215337.17,2345912.86
P0160,1,夏玉米,全国重要农区,全国重要农作物优势聚集片区,规范规整农田区 (<10万亩),704.71,46.9804,469804.3,11150.0,0.047,中/碎 (建议并块平整),0.973,0.627,-101.4131567,21.8998583,250683.86,2423701.82
P0161,1,夏玉米,全国重要农区,全国重要农作物优势聚集片区,规范规整农田区 (<10万亩),704.71,46.9804,469804.3,7085.6,0.118,中/碎 (建议并块平整),0.858,0.624,-100.2495087,23.7486074,372658.6,2626953.59
P0162,2,冬小麦,全国重要农区,全国重要农作物优势聚集片区,规范规整农田区 (<10万亩),704.71,46.9804,469804.3,6855.5,0.126,中/碎 (建议并块平整),0.973,0.467,-101.2260493,21.5616696,269483.28,2385957.47
P0163,2,冬小麦,全国重要农区,全国重要农作物优势聚集片区,规范规整农田区 (<10万亩),704.71,46.9804,469804.3,5332.5,0.208,中/碎 (建议并块平整),0.931,0.47,-101.5747429,21.8628028,233912.82,2419868.68
P0164,2,冬小麦,全国重要农区,全国重要农作物优势聚集片区,规范规整农田区 (<10万亩),703.36,46.8904,468904.3,7685.3,0.1,中/碎 (建议并块平整),0.994,0.473,-101.4486841,21.0187539,245485.03,2326174.72
P0165,1,夏玉米,全国重要农区,全国重要农作物优势聚集片区,规范规整农田区 (<10万亩),703.36,46.8904,468904.3,10323.5,0.055,中/碎 (建议并块平整),0.969,0.562,-101.3536684,22.975802,258701.98,2542776.4
P0166,1,夏玉米,全国重要农区,全国重要农作物优势聚集片区,规范规整农田区 (<10万亩),703.36,46.8904,468904.3,4979.7,0.238,中/碎 (建议并块平整),0.762,0.607,-100.1644212,23.6937113,381281.28,2620801.61
P0167,2,冬小麦,全国重要农区,全国重要农作物优势聚集片区,规范规整农田区 (<10万亩),703.36,46.8904,468904.3,6060.5,0.16,中/碎 (建议并块平整),0.931,0.564,-99.752558,22.4643579,422574.18,2484420.63
P0168,1,夏玉米,全国重要农区,全国重要农作物优势聚集片区,规范规整农田区 (<10万亩),703.36,46.8904,468904.3,6298.9,0.149,中/碎 (建议并块平整),0.944,0.622,-99.7975717,22.3547167,417878.39,2472307.38
P0169,1,夏玉米,全国重要农区,全国重要农作物优势聚集片区,规范规整农田区 (<10万亩),703.36,46.8904,468904.3,11611.4,0.044,中/碎 (建议并块平整),0.946,0.542,-99.7551263,23.0511931,422641.15,2549386.45
P0170,2,冬小麦,全国重要农区,全国重要农作物优势聚集片区,规范规整农田区 (<10万亩),703.36,46.8904,468904.3,6564.2,0.137,中/碎 (建议并块平整),0.99,0.464,-100.7593682,21.2524057,317438.82,2351098.7
P0171,1,夏玉米,全国重要农区,全国重要农作物优势聚集片区,规范规整农田区 (<10万亩),703.36,46.8904,468904.3,9534.5,0.065,中/碎 (建议并块平整),0.95,0.557,-101.9239217,22.6805572,199559.31,2511115.98
P0172,1,夏玉米,全国重要农区,全国重要农作物优势聚集片区,规范规整农田区 (<10万亩),702.01,46.8004,468004.3,10230.6,0.056,中/碎 (建议并块平整),0.969,0.424,-101.7377521,22.6238636,218583.71,2504470.27
P0173,1,夏玉米,全国重要农区,全国重要农作物优势聚集片区,规范规整农田区 (<10万亩),702.01,46.8004,468004.3,12125.2,0.04,中/碎 (建议并块平整),0.973,0.643,-101.9021627,22.4484685,201296.24,2485357.91
P0174,2,冬小麦,全国重要农区,全国重要农作物优势聚集片区,规范规整农田区 (<10万亩),702.01,46.8004,468004.3,7711.1,0.099,中/碎 (建议并块平整),0.756,0.49,-100.9317073,21.6906524,300150.29,2399832.62
P0175,2,冬小麦,全国重要农区,全国重要农作物优势聚集片区,规范规整农田区 (<10万亩),702.01,46.8004,468004.3,5743.8,0.178,中/碎 (建议并块平整),0.99,0.498,-101.6287281,21.0049531,226736.7,2324943.9
P0176,1,夏玉米,全国重要农区,全国重要农作物优势聚集片区,规范规整农田区 (<10万亩),700.66,46.7104,467104.3,8346.2,0.084,中/碎 (建议并块平整),0.898,0.559,-101.5933731,22.4809129,233156.88,2488369.11
P0177,1,夏玉米,全国重要农区,全国重要农作物优势聚集片区,规范规整农田区 (<10万亩),700.66,46.7104,467104.3,13010.7,0.035,中/碎 (建议并块平整),0.975,0.502,-101.5449611,22.4514733,238085.16,2485022.57
P0178,1,夏玉米,全国重要农区,全国重要农作物优势聚集片区,规范规整农田区 (<10万亩),700.66,46.7104,467104.3,8351.5,0.084,中/碎 (建议并块平整),0.954,0.383,-100.9949631,22.6528424,295004.71,2506465.26
P0179,2,冬小麦,全国重要农区,全国重要农作物优势聚集片区,规范规整农田区 (<10万亩),700.66,46.7104,467104.3,11338.8,0.046,中/碎 (建议并块平整),1.0,0.473,-101.8668805,22.5145836,205070.09,2492612.98
P0180,1,夏玉米,全国重要农区,全国重要农作物优势聚集片区,规范规整农田区 (<10万亩),699.31,46.6204,466204.3,6841.4,0.125,中/碎 (建议并块平整),0.9,0.642,-101.9386684,22.2883644,197190.02,2467692.39
P0181,1,夏玉米,全国重要农区,全国重要农作物优势聚集片区,规范规整农田区 (<10万亩),699.31,46.6204,466204.3,7747.1,0.098,中/碎 (建议并块平整),0.992,0.642,-101.6170859,22.9103148,231554.68,2535979.51
P0182,1,夏玉米,全国重要农区,全国重要农作物优势聚集片区,规范规整农田区 (<10万亩),699.31,46.6204,466204.3,10118.4,0.057,中/碎 (建议并块平整),0.94,0.631,-101.6198779,22.3692667,230212.46,2476049.07
P0183,1,夏玉米,全国重要农区,全国重要农作物优势聚集片区,规范规整农田区 (<10万亩),699.31,46.6204,466204.3,4483.5,0.291,良 (基本适机),0.886,0.391,-99.1206067,22.2234917,487570.47,2457569.64
P0184,1,夏玉米,全国重要农区,全国重要农作物优势聚集片区,规范规整农田区 (<10万亩),697.96,46.5304,465304.3,7860.9,0.095,中/碎 (建议并块平整),0.919,0.7,-100.7646692,21.3125704,316963.12,2357766.0
P0185,2,冬小麦,全国重要农区,全国重要农作物优势聚集片区,规范规整农田区 (<10万亩),697.96,46.5304,465304.3,9657.7,0.063,中/碎 (建议并块平整),0.493,0.564,-101.8059585,22.1310874,210550.11,2450008.19
P0186,2,冬小麦,全国重要农区,全国重要农作物优势聚集片区,规范规整农田区 (<10万亩),696.61,46.4404,464404.2,11007.0,0.048,中/碎 (建议并块平整),0.998,0.465,-99.811456,22.4123616,416483.15,2478696.25
P0187,1,夏玉米,全国重要农区,全国重要农作物优势聚集片区,规范规整农田区 (<10万亩),696.61,46.4404,464404.2,6508.2,0.138,中/碎 (建议并块平整),0.99,0.548,-99.6981093,22.0455795,427962.33,2438036.71
P0188,2,冬小麦,全国重要农区,全国重要农作物优势聚集片区,规范规整农田区 (<10万亩),696.61,46.4404,464404.2,4358.1,0.307,良 (基本适机),0.967,0.563,-99.0046162,23.8556641,499529.96,2638246.7
P0189,1,夏玉米,全国重要农区,全国重要农作物优势聚集片区,规范规整农田区 (<10万亩),696.61,46.4404,464404.2,12487.8,0.037,中/碎 (建议并块平整),0.953,0.589,-101.1904032,21.5612842,273175.31,2385862.46
P0190,1,夏玉米,全国重要农区,全国重要农作物优势聚集片区,规范规整农田区 (<10万亩),696.61,46.4404,464404.2,8747.2,0.076,中/碎 (建议并块平整),0.969,0.58,-101.0655733,21.6869253,286291.09,2399598.59
P0191,1,夏玉米,全国重要农区,全国重要农作物优势聚集片区,规范规整农田区 (<10万亩),696.61,46.4404,464404.2,10712.8,0.051,中/碎 (建议并块平整),0.967,0.667,-100.7264521,21.3613704,320987.27,2363124.94
P0192,1,夏玉米,全国重要农区,全国重要农作物优势聚集片区,规范规整农田区 (<10万亩),695.26,46.3504,463504.2,11605.4,0.043,中/碎 (建议并块平整),0.852,0.592,-100.4898844,21.3430152,345501.72,2360842.03
P0193,1,夏玉米,全国重要农区,全国重要农作物优势聚集片区,规范规整农田区 (<10万亩),695.26,46.3504,463504.2,5066.0,0.227,中/碎 (建议并块平整),0.852,0.677,-99.0881191,23.7311145,491018.79,2624460.47
P0194,2,冬小麦,全国重要农区,全国重要农作物优势聚集片区,规范规整农田区 (<10万亩),695.26,46.3504,463504.2,8858.1,0.074,中/碎 (建议并块平整),0.959,0.467,-101.4459461,22.1210406,247686.91,2448253.43
P0195,1,夏玉米,全国重要农区,全国重要农作物优势聚集片区,规范规整农田区 (<10万亩),695.26,46.3504,463504.2,10586.3,0.052,中/碎 (建议并块平整),0.977,0.624,-101.3334833,22.2759165,259556.91,2465224.28
P0196,1,夏玉米,全国重要农区,全国重要农作物优势聚集片区,规范规整农田区 (<10万亩),695.26,46.3504,463504.2,8420.2,0.082,中/碎 (建议并块平整),0.858,0.673,-101.9351623,22.2246263,197414.39,2460623.57
P0197,1,夏玉米,全国重要农区,全国重要农作物优势聚集片区,规范规整农田区 (<10万亩),695.26,46.3504,463504.2,11501.6,0.044,中/碎 (建议并块平整),0.922,0.63,-101.7862073,21.8276661,211976.45,2416357.48
P0198,2,冬小麦,全国重要农区,全国重要农作物优势聚集片区,规范规整农田区 (<10万亩),695.26,46.3504,463504.2,8926.0,0.073,中/碎 (建议并块平整),0.996,0.46,-101.5017638,21.7185936,241199.33,2403771.49
P0199,1,夏玉米,全国重要农区,全国重要农作物优势聚集片区,规范规整农田区 (<10万亩),695.26,46.3504,463504.2,8410.9,0.082,中/碎 (建议并块平整),0.926,0.614,-101.1734709,21.5444381,274903.33,2383972.39
P0200,1,夏玉米,全国重要农区,全国重要农作物优势聚集片区,规范规整农田区 (<10万亩),693.91,46.2604,462604.2,9213.1,0.068,中/碎 (建议并块平整),0.965,0.532,-99.7955747,22.2189211,418004.85,2457274.05
P0201,2,冬小麦,全国重要农区,全国重要农作物优势聚集片区,规范规整农田区 (<10万亩),693.91,46.2604,462604.2,7154.9,0.114,中/碎 (建议并块平整),0.946,0.485,-100.9922951,21.6314687,293796.05,2393358.57
P0202,1,夏玉米,全国重要农区,全国重要农作物优势聚集片区,规范规整农田区 (<10万亩),693.91,46.2604,462604.2,7349.8,0.108,中/碎 (建议并块平整),0.932,0.559,-101.6724778,23.4783097,227026.87,2599007.68
P0203,1,夏玉米,全国重要农区,全国重要农作物优势聚集片区,规范规整农田区 (<10万亩),693.91,46.2604,462604.2,10107.9,0.057,中/碎 (建议并块平整),0.979,0.593,-100.4913828,21.1591848,345154.27,2340492.77
P0204,2,冬小麦,全国重要农区,全国重要农作物优势聚集片区,规范规整农田区 (<10万亩),693.91,46.2604,462604.2,5582.0,0.187,中/碎 (建议并块平整),1.0,0.462,-100.7431419,21.4110356,319317.36,2368642.75
P0205,2,冬小麦,全国重要农区,全国重要农作物优势聚集片区,规范规整农田区 (<10万亩),692.56,46.1704,461704.2,7348.2,0.107,中/碎 (建议并块平整),0.979,0.463,-101.2055569,22.0702436,272412.23,2442248.44
P0206,1,夏玉米,全国重要农区,全国重要农作物优势聚集片区,规范规整农田区 (<10万亩),692.56,46.1704,461704.2,12115.6,0.04,中/碎 (建议并块平整),0.961,0.68,-99.8403755,22.7524072,413718.58,2516356.47
P0207,1,夏玉米,全国重要农区,全国重要农作物优势聚集片区,规范规整农田区 (<10万亩),692.56,46.1704,461704.2,4952.1,0.237,中/碎 (建议并块平整),0.965,0.624,-101.9043483,21.0387234,198135.84,2329181.54
P0208,1,夏玉米,全国重要农区,全国重要农作物优势聚集片区,规范规整农田区 (<10万亩),692.56,46.1704,461704.2,9084.7,0.07,中/碎 (建议并块平整),0.963,0.422,-100.6728631,23.761085,329522.18,2628778.69
P0209,2,冬小麦,全国重要农区,全国重要农作物优势聚集片区,规范规整农田区 (<10万亩),692.56,46.1704,461704.2,7979.5,0.091,中/碎 (建议并块平整),0.982,0.486,-101.8482988,23.5412717,209196.7,2606329.08
P0210,1,夏玉米,全国重要农区,全国重要农作物优势聚集片区,规范规整农田区 (<10万亩),692.56,46.1704,461704.2,11940.1,0.041,中/碎 (建议并块平整),0.959,0.573,-101.8075701,22.882379,211946.26,2533245.0
P0211,1,夏玉米,全国重要农区,全国重要农作物优势聚集片区,规范规整农田区 (<10万亩),692.56,46.1704,461704.2,11105.5,0.047,中/碎 (建议并块平整),0.982,0.611,-101.6912832,21.0309216,220278.89,2327928.63
P0212,1,夏玉米,全国重要农区,全国重要农作物优势聚集片区,规范规整农田区 (<10万亩),691.21,46.0804,460804.2,10848.4,0.049,中/碎 (建议并块平整),0.947,0.631,-100.6810746,21.0902508,325374.46,2333058.0
P0213,1,夏玉米,全国重要农区,全国重要农作物优势聚集片区,规范规整农田区 (<10万亩),691.21,46.0804,460804.2,5968.1,0.163,中/碎 (建议并块平整),0.953,0.58,-101.9317155,22.9660382,199386.34,2542762.88
P0214,2,冬小麦,全国重要农区,全国重要农作物优势聚集片区,规范规整农田区 (<10万亩),691.21,46.0804,460804.2,7110.3,0.115,中/碎 (建议并块平整),0.939,0.477,-101.7162572,23.0708258,221706.53,2553946.52
P0215,2,冬小麦,全国重要农区,全国重要农作物优势聚集片区,规范规整农田区 (<10万亩),691.21,46.0804,460804.2,9918.9,0.059,中/碎 (建议并块平整),0.969,0.486,-101.962737,22.0810854,194259.53,2444775.42
P0216,2,冬小麦,全国重要农区,全国重要农作物优势聚集片区,规范规整农田区 (<10万亩),691.21,46.0804,460804.2,11967.7,0.04,中/碎 (建议并块平整),0.881,0.484,-99.369935,21.9508629,461801.66,2427434.28
P0217,1,夏玉米,全国重要农区,全国重要农作物优势聚集片区,规范规整农田区 (<10万亩),691.21,46.0804,460804.2,9619.5,0.063,中/碎 (建议并块平整),0.916,0.481,-100.1352861,22.7892659,383468.95,2520639.1
P0218,1,夏玉米,全国重要农区,全国重要农作物优势聚集片区,规范规整农田区 (<10万亩),691.21,46.0804,460804.2,8706.7,0.076,中/碎 (建议并块平整),0.959,0.432,-99.4287953,22.8775416,456016.57,2530027.74
P0219,2,冬小麦,全国重要农区,全国重要农作物优势聚集片区,规范规整农田区 (<10万亩),691.21,46.0804,460804.2,6620.6,0.132,中/碎 (建议并块平整),0.994,0.463,-100.545659,21.296689,339666.67,2355769.2
P0220,2,冬小麦,全国重要农区,全国重要农作物优势聚集片区,规范规整农田区 (<10万亩),689.86,45.9904,459904.2,8914.7,0.073,中/碎 (建议并块平整),0.963,0.547,-99.7507659,22.0404671,422525.71,2437496.59
P0221,2,冬小麦,全国重要农区,全国重要农作物优势聚集片区,规范规整农田区 (<10万亩),689.86,45.9904,459904.2,6857.6,0.123,中/碎 (建议并块平整),1.0,0.462,-100.4783716,21.1074984,346452.17,2334758.35
P0222,2,冬小麦,全国重要农区,全国重要农作物优势聚集片区,规范规整农田区 (<10万亩),689.86,45.9904,459904.2,6217.6,0.149,中/碎 (建议并块平整),0.871,0.484,-101.9781817,21.6170965,191669.32,2393399.87
P0223,2,冬小麦,全国重要农区,全国重要农作物优势聚集片区,规范规整农田区 (<10万亩),689.86,45.9904,459904.2,4992.4,0.232,中/碎 (建议并块平整),0.965,0.462,-101.7170064,21.0103133,217564.97,2325691.28
P0224,2,冬小麦,全国重要农区,全国重要农作物优势聚集片区,规范规整农田区 (<10万亩),689.86,45.9904,459904.2,11481.4,0.044,中/碎 (建议并块平整),0.99,0.47,-100.78044,22.0286121,316236.97,2437065.05
P0225,2,冬小麦,全国重要农区,全国重要农作物优势聚集片区,规范规整农田区 (<10万亩),689.86,45.9904,459904.2,12852.1,0.035,中/碎 (建议并块平整),0.951,0.535,-100.1667254,22.3435084,379855.87,2471314.4
P0226,1,夏玉米,全国重要农区,全国重要农作物优势聚集片区,规范规整农田区 (<10万亩),689.86,45.9904,459904.2,9801.8,0.06,中/碎 (建议并块平整),0.914,0.625,-101.8290326,23.0091304,210013.53,2547330.41
P0227,2,冬小麦,全国重要农区,全国重要农作物优势聚集片区,规范规整农田区 (<10万亩),688.51,45.9004,459004.2,6733.3,0.127,中/碎 (建议并块平整),0.992,0.478,-100.9073531,21.0841737,301855.09,2332650.17
P0228,1,夏玉米,全国重要农区,全国重要农作物优势聚集片区,规范规整农田区 (<10万亩),688.51,45.9004,459004.2,11847.3,0.041,中/碎 (建议并块平整),0.982,0.592,-101.7455082,21.9471789,216422.75,2429521.12
P0229,1,夏玉米,全国重要农区,全国重要农作物优势聚集片区,规范规整农田区 (<10万亩),688.51,45.9004,459004.2,7846.6,0.094,中/碎 (建议并块平整),0.982,0.65,-101.5950494,21.8165737,231726.86,2414783.34
P0230,1,夏玉米,全国重要农区,全国重要农作物优势聚集片区,规范规整农田区 (<10万亩),688.51,45.9004,459004.2,9748.3,0.061,中/碎 (建议并块平整),0.904,0.575,-101.8495762,21.8658966,205500.26,2420712.76
P0231,1,夏玉米,全国重要农区,全国重要农作物优势聚集片区,规范规整农田区 (<10万亩),688.51,45.9004,459004.2,9766.9,0.06,中/碎 (建议并块平整),0.994,0.618,-101.2268335,23.7402611,273015.22,2627246.73
P0232,1,夏玉米,全国重要农区,全国重要农作物优势聚集片区,规范规整农田区 (<10万亩),688.51,45.9004,459004.2,11847.1,0.041,中/碎 (建议并块平整),0.933,0.523,-101.7057254,23.3864498,223437.89,2588894.02
P0233,1,夏玉米,全国重要农区,全国重要农作物优势聚集片区,规范规整农田区 (<10万亩),687.16,45.8104,458104.2,7933.4,0.091,中/碎 (建议并块平整),0.967,0.628,-101.021034,22.9331221,292749.32,2537541.13
P0234,1,夏玉米,全国重要农区,全国重要农作物优势聚集片区,规范规整农田区 (<10万亩),687.16,45.8104,458104.2,12859.9,0.035,中/碎 (建议并块平整),0.961,0.357,-101.6167329,23.5291418,232826.18,2604534.34
P0235,1,夏玉米,全国重要农区,全国重要农作物优势聚集片区,规范规整农田区 (<10万亩),687.16,45.8104,458104.2,12539.8,0.037,中/碎 (建议并块平整),0.982,0.55,-99.6968669,22.2605041,428199.65,2461826.98
P0236,1,夏玉米,全国重要农区,全国重要农作物优势聚集片区,规范规整农田区 (<10万亩),685.81,45.7204,457204.2,6014.0,0.159,中/碎 (建议并块平整),0.925,0.441,-101.9955965,22.9262635,192742.03,2538488.05
P0237,2,冬小麦,全国重要农区,全国重要农作物优势聚集片区,规范规整农田区 (<10万亩),685.81,45.7204,457204.2,8812.9,0.074,中/碎 (建议并块平整),0.951,0.473,-101.9787261,23.1821163,195051.21,2566802.61
P0238,1,夏玉米,全国重要农区,全国重要农作物优势聚集片区,规范规整农田区 (<10万亩),684.46,45.6304,456304.2,8225.5,0.085,中/碎 (建议并块平整),0.968,0.625,-101.630876,22.3053399,228955.67,2468987.4
P0239,1,夏玉米,全国重要农区,全国重要农作物优势聚集片区,规范规整农田区 (<10万亩),684.46,45.6304,456304.2,5541.0,0.187,中/碎 (建议并块平整),0.897,0.672,-99.7597077,22.7429775,421995.76,2515267.84
P0240,1,夏玉米,全国重要农区,全国重要农作物优势聚集片区,规范规整农田区 (<10万亩),684.46,45.6304,456304.2,11187.4,0.046,中/碎 (建议并块平整),0.864,0.572,-100.9960114,23.2529152,295800.17,2572922.45
P0241,2,冬小麦,全国重要农区,全国重要农作物优势聚集片区,规范规整农田区 (<10万亩),683.11,45.5404,455404.2,6847.5,0.122,中/碎 (建议并块平整),0.947,0.483,-101.1168932,21.4289812,280591.71,2371106.66
P0242,2,冬小麦,全国重要农区,全国重要农作物优势聚集片区,规范规整农田区 (<10万亩),683.11,45.5404,455404.2,10605.5,0.051,中/碎 (建议并块平整),0.978,0.547,-100.8607224,22.6514976,308800.5,2506137.47
P0243,2,冬小麦,全国重要农区,全国重要农作物优势聚集片区,规范规整农田区 (<10万亩),681.76,45.4504,454504.2,9186.4,0.068,中/碎 (建议并块平整),0.956,0.476,-100.3283116,21.2983869,362217.23,2355751.71
P0244,2,冬小麦,全国重要农区,全国重要农作物优势聚集片区,规范规整农田区 (<10万亩),681.76,45.4504,454504.2,8734.7,0.075,中/碎 (建议并块平整),0.954,0.507,-100.333494,23.7000364,364048.0,2621653.03
P0245,2,冬小麦,全国重要农区,全国重要农作物优势聚集片区,规范规整农田区 (<10万亩),681.76,45.4504,454504.2,11231.5,0.045,中/碎 (建议并块平整),0.966,0.515,-100.2603316,22.4568363,370320.84,2483938.62
P0246,2,冬小麦,全国重要农区,全国重要农作物优势聚集片区,规范规整农田区 (<10万亩),681.76,45.4504,454504.2,10228.2,0.055,中/碎 (建议并块平整),0.974,0.499,-100.1372615,22.2062333,382775.86,2456094.11
P0247,1,夏玉米,全国重要农区,全国重要农作物优势聚集片区,规范规整农田区 (<10万亩),680.41,45.3604,453604.1,8627.6,0.077,中/碎 (建议并块平整),0.94,0.664,-99.2982521,22.4460996,469311.28,2482235.78
P0248,1,夏玉米,全国重要农区,全国重要农作物优势聚集片区,规范规整农田区 (<10万亩),680.41,45.3604,453604.1,10769.6,0.049,中/碎 (建议并块平整),0.978,0.623,-101.785008,22.5912602,213655.99,2500948.41
P0249,1,夏玉米,全国重要农区,全国重要农作物优势聚集片区,规范规整农田区 (<10万亩),679.06,45.2704,452704.1,10691.8,0.05,中/碎 (建议并块平整),0.984,0.708,-101.2398043,22.1566678,269017.93,2451871.35
P0250,1,夏玉米,全国重要农区,全国重要农作物优势聚集片区,规范规整农田区 (<10万亩),679.06,45.2704,452704.1,6274.9,0.144,中/碎 (建议并块平整),0.924,0.48,-100.0240549,22.1009633,394367.11,2444357.44
P0251,2,冬小麦,全国重要农区,全国重要农作物优势聚集片区,规范规整农田区 (<10万亩),679.06,45.2704,452704.1,8170.2,0.085,中/碎 (建议并块平整),0.99,0.468,-101.9039036,23.5167181,203461.21,2603722.41
P0252,1,夏玉米,全国重要农区,全国重要农作物优势聚集片区,规范规整农田区 (<10万亩),679.06,45.2704,452704.1,12126.6,0.039,中/碎 (建议并块平整),0.934,0.436,-101.775511,23.650638,216867.32,2618300.68
P0253,2,冬小麦,全国重要农区,全国重要农作物优势聚集片区,规范规整农田区 (<10万亩),679.06,45.2704,452704.1,7082.0,0.113,中/碎 (建议并块平整),0.998,0.466,-101.9731341,21.0823789,191072.09,2334149.76
P0254,2,冬小麦,全国重要农区,全国重要农作物优势聚集片区,规范规整农田区 (<10万亩),677.71,45.1804,451804.1,7241.1,0.108,中/碎 (建议并块平整),0.948,0.471,-100.5573578,21.0793147,338216.44,2331716.58
P0255,2,冬小麦,全国重要农区,全国重要农作物优势聚集片区,规范规整农田区 (<10万亩),677.71,45.1804,451804.1,5356.5,0.198,中/碎 (建议并块平整),0.952,0.48,-100.7941519,21.1174293,313659.45,2336195.32
P0256,1,夏玉米,全国重要农区,全国重要农作物优势聚集片区,规范规整农田区 (<10万亩),677.71,45.1804,451804.1,12716.4,0.035,中/碎 (建议并块平整),0.952,0.608,-101.9452522,22.242235,196411.55,2462594.73
P0257,1,夏玉米,全国重要农区,全国重要农作物优势聚集片区,规范规整农田区 (<10万亩),677.71,45.1804,451804.1,7173.2,0.11,中/碎 (建议并块平整),0.88,0.544,-101.8380607,21.6512199,206254.03,2396908.43
P0258,1,夏玉米,全国重要农区,全国重要农作物优势聚集片区,规范规整农田区 (<10万亩),677.71,45.1804,451804.1,10112.3,0.056,中/碎 (建议并块平整),0.962,0.559,-101.2497918,23.2682845,269855.11,2575004.87
P0259,2,冬小麦,全国重要农区,全国重要农作物优势聚集片区,规范规整农田区 (<10万亩),677.71,45.1804,451804.1,5714.5,0.174,中/碎 (建议并块平整),0.95,0.529,-100.6136767,21.2701896,332579.74,2352906.16
P0260,1,夏玉米,全国重要农区,全国重要农作物优势聚集片区,规范规整农田区 (<10万亩),677.71,45.1804,451804.1,6634.4,0.129,中/碎 (建议并块平整),0.93,0.572,-101.4566477,22.8220095,247855.72,2525914.01
P0261,1,夏玉米,全国重要农区,全国重要农作物优势聚集片区,规范规整农田区 (<10万亩),676.36,45.0904,450904.1,6603.1,0.13,中/碎 (建议并块平整),0.93,0.629,-101.8803228,22.9050246,204526.66,2535898.32
P0262,1,夏玉米,全国重要农区,全国重要农作物优势聚集片区,规范规整农田区 (<10万亩),676.36,45.0904,450904.1,7915.1,0.09,中/碎 (建议并块平整),0.964,0.665,-101.7071537,21.2347215,219013.29,2350530.77
P0263,1,夏玉米,全国重要农区,全国重要农作物优势聚集片区,规范规整农田区 (<10万亩),676.36,45.0904,450904.1,12555.7,0.036,中/碎 (建议并块平整),0.954,0.577,-101.1710966,21.4903398,275066.01,2377978.22
P0264,1,夏玉米,全国重要农区,全国重要农作物优势聚集片区,规范规整农田区 (<10万亩),676.36,45.0904,450904.1,9471.6,0.063,中/碎 (建议并块平整),0.94,0.564,-101.019762,22.910455,292845.32,2535029.02
P0265,1,夏玉米,全国重要农区,全国重要农作物优势聚集片区,规范规整农田区 (<10万亩),676.36,45.0904,450904.1,12409.1,0.037,中/碎 (建议并块平整),0.908,0.445,-99.8797999,22.6012854,409571.6,2499650.12
P0266,1,夏玉米,全国重要农区,全国重要农作物优势聚集片区,规范规整农田区 (<10万亩),676.36,45.0904,450904.1,5545.6,0.184,中/碎 (建议并块平整),0.898,0.644,-101.9569644,21.0126148,192609.97,2326389.72
P0267,2,冬小麦,全国重要农区,全国重要农作物优势聚集片区,规范规整农田区 (<10万亩),676.36,45.0904,450904.1,10505.3,0.051,中/碎 (建议并块平整),0.992,0.468,-101.8474472,22.2430974,206500.88,2462497.09
P0268,1,夏玉米,全国重要农区,全国重要农作物优势聚集片区,规范规整农田区 (<10万亩),676.36,45.0904,450904.1,12103.8,0.039,中/碎 (建议并块平整),0.561,0.535,-100.1774593,22.2990984,378712.05,2466406.49
P0269,1,夏玉米,全国重要农区,全国重要农作物优势聚集片区,规范规整农田区 (<10万亩),676.36,45.0904,450904.1,11288.2,0.044,中/碎 (建议并块平整),0.974,0.536,-99.7679273,23.0659399,421338.27,2551025.86
P0270,1,夏玉米,全国重要农区,全国重要农作物优势聚集片区,规范规整农田区 (<10万亩),675.01,45.0004,450004.1,12788.8,0.035,中/碎 (建议并块平整),0.956,0.656,-100.8627598,22.7622437,308745.06,2518403.78
P0271,1,夏玉米,全国重要农区,全国重要农作物优势聚集片区,规范规整农田区 (<10万亩),675.01,45.0004,450004.1,7948.1,0.09,中/碎 (建议并块平整),0.944,0.664,-101.055311,21.7051027,287379.89,2401597.33
P0272,1,夏玉米,全国重要农区,全国重要农作物优势聚集片区,规范规整农田区 (<10万亩),675.01,45.0004,450004.1,7651.3,0.097,中/碎 (建议并块平整),0.97,0.482,-99.3004593,22.382763,469070.15,2475225.33
P0273,1,夏玉米,全国重要农区,全国重要农作物优势聚集片区,规范规整农田区 (<10万亩),675.01,45.0004,450004.1,11115.2,0.046,中/碎 (建议并块平整),0.936,0.586,-101.3918208,23.3107972,255398.2,2579946.73
P0274,1,夏玉米,全国重要农区,全国重要农作物优势聚集片区,规范规整农田区 (<10万亩),675.01,45.0004,450004.1,11074.3,0.046,中/碎 (建议并块平整),0.954,0.595,-101.8808753,21.8345382,202198.51,2417299.02
P0275,2,冬小麦,全国重要农区,全国重要农作物优势聚集片区,规范规整农田区 (<10万亩),673.66,44.9104,449104.1,11943.5,0.04,中/碎 (建议并块平整),0.735,0.502,-101.197623,21.4287953,272221.1,2371201.27
P0276,1,夏玉米,全国重要农区,全国重要农作物优势聚集片区,规范规整农田区 (<10万亩),673.66,44.9104,449104.1,6463.7,0.135,中/碎 (建议并块平整),0.902,0.728,-100.7159445,23.5495236,324849.35,2605402.11
P0277,2,冬小麦,全国重要农区,全国重要农作物优势聚集片区,规范规整农田区 (<10万亩),673.66,44.9104,449104.1,7284.9,0.106,中/碎 (建议并块平整),0.976,0.514,-101.7891636,22.5787637,213202.59,2499571.96
P0278,2,冬小麦,全国重要农区,全国重要农作物优势聚集片区,规范规整农田区 (<10万亩),673.66,44.9104,449104.1,6397.6,0.138,中/碎 (建议并块平整),0.976,0.48,-100.6035572,21.3083231,333672.76,2357117.17
P0279,2,冬小麦,全国重要农区,全国重要农作物优势聚集片区,规范规整农田区 (<10万亩),673.66,44.9104,449104.1,6914.8,0.118,中/碎 (建议并块平整),0.972,0.563,-100.8517294,22.1534959,309045.35,2450980.83
P0280,1,夏玉米,全国重要农区,全国重要农作物优势聚集片区,规范规整农田区 (<10万亩),673.66,44.9104,449104.1,5370.5,0.196,中/碎 (建议并块平整),0.998,0.493,-99.0255047,21.8695052,497364.98,2418383.35
P0281,1,夏玉米,全国重要农区,全国重要农作物优势聚集片区,规范规整农田区 (<10万亩),673.66,44.9104,449104.1,9585.9,0.061,中/碎 (建议并块平整),0.932,0.621,-99.0727633,23.7628151,492585.66,2627969.17
P0282,1,夏玉米,全国重要农区,全国重要农作物优势聚集片区,规范规整农田区 (<10万亩),673.66,44.9104,449104.1,5998.0,0.157,中/碎 (建议并块平整),0.972,0.669,-100.0428845,21.9602117,392318.27,2428789.47
P0283,2,冬小麦,全国重要农区,全国重要农作物优势聚集片区,规范规整农田区 (<10万亩),672.31,44.8204,448204.1,6114.3,0.151,中/碎 (建议并块平整),0.962,0.551,-99.1806716,23.9489739,481616.44,2648589.02
P0284,2,冬小麦,全国重要农区,全国重要农作物优势聚集片区,规范规整农田区 (<10万亩),672.31,44.8204,448204.1,6175.4,0.148,中/碎 (建议并块平整),1.0,0.461,-100.5992938,21.1285136,333913.91,2337206.39
P0285,2,冬小麦,全国重要农区,全国重要农作物优势聚集片区,规范规整农田区 (<10万亩),672.31,44.8204,448204.1,9886.5,0.058,中/碎 (建议并块平整),0.898,0.565,-100.2845565,23.7895355,369127.33,2631517.36
P0286,1,夏玉米,全国重要农区,全国重要农作物优势聚集片区,规范规整农田区 (<10万亩),672.31,44.8204,448204.1,8622.4,0.076,中/碎 (建议并块平整),0.934,0.582,-100.9192027,21.4493766,301115.22,2373101.08
P0287,2,冬小麦,全国重要农区,全国重要农作物优势聚集片区,规范规整农田区 (<10万亩),672.31,44.8204,448204.1,7507.1,0.1,中/碎 (建议并块平整),0.966,0.475,-100.8005389,21.3419992,313278.96,2361066.37
P0288,1,夏玉米,全国重要农区,全国重要农作物优势聚集片区,规范规整农田区 (<10万亩),670.96,44.7304,447304.1,11066.1,0.046,中/碎 (建议并块平整),0.97,0.608,-100.4725316,21.2032607,347157.18,2345353.79
P0289,2,冬小麦,全国重要农区,全国重要农作物优势聚集片区,规范规整农田区 (<10万亩),670.96,44.7304,447304.1,8831.6,0.072,中/碎 (建议并块平整),0.95,0.48,-101.1864524,22.0115315,274291.12,2435717.96
P0290,1,夏玉米,全国重要农区,全国重要农作物优势聚集片区,规范规整农田区 (<10万亩),670.96,44.7304,447304.1,6328.2,0.14,中/碎 (建议并块平整),0.799,0.673,-101.9004783,22.3051998,201163.54,2469481.45
P0291,1,夏玉米,全国重要农区,全国重要农作物优势聚集片区,规范规整农田区 (<10万亩),670.96,44.7304,447304.1,7943.6,0.089,中/碎 (建议并块平整),0.934,0.683,-101.1066524,21.5165751,281784.1,2380791.99
P0292,2,冬小麦,全国重要农区,全国重要农作物优势聚集片区,规范规整农田区 (<10万亩),670.96,44.7304,447304.1,6910.0,0.118,中/碎 (建议并块平整),0.984,0.481,-100.6250332,21.1831941,331302.34,2343287.08
P0293,2,冬小麦,全国重要农区,全国重要农作物优势聚集片区,规范规整农田区 (<10万亩),670.96,44.7304,447304.1,7584.5,0.098,中/碎 (建议并块平整),1.0,0.463,-100.362338,21.1042403,358502.42,2334290.06
P0294,2,冬小麦,全国重要农区,全国重要农作物优势聚集片区,规范规整农田区 (<10万亩),670.96,44.7304,447304.1,6371.9,0.138,中/碎 (建议并块平整),0.95,0.546,-99.0702408,23.6135151,492834.56,2611440.11
P0295,2,冬小麦,全国重要农区,全国重要农作物优势聚集片区,规范规整农田区 (<10万亩),670.96,44.7304,447304.1,8437.9,0.079,中/碎 (建议并块平整),0.968,0.513,-100.1243985,22.3640008,384231.84,2473549.89
P0296,1,夏玉米,全国重要农区,全国重要农作物优势聚集片区,规范规整农田区 (<10万亩),670.96,44.7304,447304.1,6591.9,0.129,中/碎 (建议并块平整),0.94,0.662,-101.2184253,21.5329145,270227.76,2382761.84
P0297,1,夏玉米,全国重要农区,全国重要农作物优势聚集片区,规范规整农田区 (<10万亩),669.61,44.6404,446404.1,6607.6,0.128,中/碎 (建议并块平整),0.913,0.6,-100.9981054,22.8489132,294974.69,2528183.21
P0298,2,冬小麦,全国重要农区,全国重要农作物优势聚集片区,规范规整农田区 (<10万亩),669.61,44.6404,446404.1,9731.7,0.059,中/碎 (建议并块平整),0.972,0.486,-101.9611335,22.485974,195305.03,2489632.2
P0299,2,冬小麦,全国重要农区,全国重要农作物优势聚集片区,规范规整农田区 (<10万亩),669.61,44.6404,446404.1,7769.0,0.093,中/碎 (建议并块平整),0.962,0.471,-100.9162949,21.3323001,301258.45,2360134.25
P0300,1,夏玉米,全国重要农区,全国重要农作物优势聚集片区,规范规整农田区 (<10万亩),669.61,44.6404,446404.1,7749.0,0.093,中/碎 (建议并块平整),0.879,0.651,-99.885815,23.0010321,409218.49,2543908.24
P0301,2,冬小麦,全国重要农区,全国重要农作物优势聚集片区,规范规整农田区 (<10万亩),669.61,44.6404,446404.1,8170.7,0.084,中/碎 (建议并块平整),0.962,0.495,-99.2183901,22.2353629,477494.94,2458894.94
P0302,2,冬小麦,全国重要农区,全国重要农作物优势聚集片区,规范规整农田区 (<10万亩),668.26,44.5504,445504.1,11571.9,0.042,中/碎 (建议并块平整),0.891,0.569,-101.0404025,21.3328498,288383.96,2360356.91
P0303,1,夏玉米,全国重要农区,全国重要农作物优势聚集片区,规范规整农田区 (<10万亩),668.26,44.5504,445504.1,8072.7,0.086,中/碎 (建议并块平整),0.927,0.607,-101.1669329,22.9192054,277760.29,2536213.02
P0304,2,冬小麦,全国重要农区,全国重要农作物优势聚集片区,规范规整农田区 (<10万亩),668.26,44.5504,445504.1,6835.1,0.12,中/碎 (建议并块平整),0.947,0.547,-100.2397665,23.8402194,373740.14,2637088.97
P0305,2,冬小麦,全国重要农区,全国重要农作物优势聚集片区,规范规整农田区 (<10万亩),668.26,44.5504,445504.1,7693.4,0.095,中/碎 (建议并块平整),0.996,0.469,-101.6452643,22.2115423,227290.73,2458622.98
P0306,1,夏玉米,全国重要农区,全国重要农作物优势聚集片区,规范规整农田区 (<10万亩),668.26,44.5504,445504.1,4255.1,0.309,良 (基本适机),0.974,0.386,-101.8568067,23.1254874,207417.01,2560277.68
P0307,2,冬小麦,全国重要农区,全国重要农作物优势聚集片区,规范规整农田区 (<10万亩),666.91,44.4604,444604.1,8999.7,0.069,中/碎 (建议并块平整),0.99,0.466,-100.8697801,22.1984772,307244.82,2455984.45
P0308,2,冬小麦,全国重要农区,全国重要农作物优势聚集片区,规范规整农田区 (<10万亩),666.91,44.4604,444604.1,6383.3,0.137,中/碎 (建议并块平整),0.957,0.467,-101.194284,22.050619,273544.59,2440058.31
P0309,2,冬小麦,全国重要农区,全国重要农作物优势聚集片区,规范规整农田区 (<10万亩),664.21,44.2804,442804.1,10672.9,0.049,中/碎 (建议并块平整),0.98,0.504,-101.815345,22.4251949,210188.73,2482609.0
P0310,1,夏玉米,全国重要农区,全国重要农作物优势聚集片区,规范规整农田区 (<10万亩),664.21,44.2804,442804.1,10875.0,0.047,中/碎 (建议并块平整),0.947,0.595,-101.0395887,21.2675917,288374.91,2353129.87
P0311,1,夏玉米,全国重要农区,全国重要农作物优势聚集片区,规范规整农田区 (<10万亩),664.21,44.2804,442804.1,11145.3,0.045,中/碎 (建议并块平整),0.957,0.66,-99.6784362,22.2597738,430098.33,2461737.51
P0312,2,冬小麦,全国重要农区,全国重要农作物优势聚集片区,规范规整农田区 (<10万亩),664.21,44.2804,442804.1,8826.1,0.071,中/碎 (建议并块平整),0.98,0.465,-101.9877946,22.9877271,193681.43,2545282.2
P0313,1,夏玉米,全国重要农区,全国重要农作物优势聚集片区,规范规整农田区 (<10万亩),664.21,44.2804,442804.1,9073.5,0.068,中/碎 (建议并块平整),0.925,0.525,-99.0834434,22.5762305,491422.13,2496612.25
P0314,1,夏玉米,全国重要农区,全国重要农作物优势聚集片区,规范规整农田区 (<10万亩),664.21,44.2804,442804.1,8465.4,0.078,中/碎 (建议并块平整),0.88,0.529,-101.7714578,21.4745312,212803.35,2377211.0
P0315,1,夏玉米,全国重要农区,全国重要农作物优势聚集片区,规范规整农田区 (<10万亩),662.86,44.1904,441904.0,11793.6,0.04,中/碎 (建议并块平整),0.978,0.611,-100.0713674,23.7906539,390850.2,2631461.02
P0316,2,冬小麦,全国重要农区,全国重要农作物优势聚集片区,规范规整农田区 (<10万亩),662.86,44.1904,441904.0,9853.4,0.057,中/碎 (建议并块平整),0.969,0.466,-100.4485897,21.0762263,349514.39,2331268.05
P0317,1,夏玉米,全国重要农区,全国重要农作物优势聚集片区,规范规整农田区 (<10万亩),661.51,44.1004,441004.0,7061.1,0.111,中/碎 (建议并块平整),0.839,0.527,-101.6129303,21.8889061,230013.53,2422826.71
P0318,1,夏玉米,全国重要农区,全国重要农作物优势聚集片区,规范规整农田区 (<10万亩),661.51,44.1004,441004.0,6537.5,0.13,中/碎 (建议并块平整),0.969,0.659,-100.4789806,23.1406572,348577.61,2559858.76
P0319,1,夏玉米,全国重要农区,全国重要农作物优势聚集片区,规范规整农田区 (<10万亩),661.51,44.1004,441004.0,6806.1,0.12,中/碎 (建议并块平整),0.969,0.644,-99.2011936,22.0201958,479235.54,2435076.02
P0320,2,冬小麦,全国重要农区,全国重要农作物优势聚集片区,规范规整农田区 (<10万亩),661.51,44.1004,441004.0,8465.2,0.077,中/碎 (建议并块平整),0.863,0.472,-101.4263592,21.0098444,247791.52,2325152.57
P0321,1,夏玉米,全国重要农区,全国重要农作物优势聚集片区,规范规整农田区 (<10万亩),661.51,44.1004,441004.0,7204.3,0.107,中/碎 (建议并块平整),0.986,0.356,-99.0069392,23.7217657,499292.7,2623422.7
P0322,2,冬小麦,全国重要农区,全国重要农作物优势聚集片区,规范规整农田区 (<10万亩),661.51,44.1004,441004.0,7028.3,0.112,中/碎 (建议并块平整),0.984,0.463,-101.2436985,21.5764244,267678.48,2387617.67
P0323,2,冬小麦,全国重要农区,全国重要农作物优势聚集片区,规范规整农田区 (<10万亩),661.51,44.1004,441004.0,11831.2,0.04,中/碎 (建议并块平整),0.986,0.514,-100.2133317,23.199911,375833.34,2566168.11
P0324,1,夏玉米,全国重要农区,全国重要农作物优势聚集片区,规范规整农田区 (<10万亩),661.51,44.1004,441004.0,10913.4,0.047,中/碎 (建议并块平整),0.955,0.562,-100.6310861,23.8004581,333830.44,2633089.43
P0325,1,夏玉米,全国重要农区,全国重要农作物优势聚集片区,规范规整农田区 (<10万亩),661.51,44.1004,441004.0,7336.1,0.103,中/碎 (建议并块平整),0.91,0.59,-101.8594559,21.0439974,202815.14,2329681.4
P0326,2,冬小麦,全国重要农区,全国重要农作物优势聚集片区,规范规整农田区 (<10万亩),660.16,44.0104,440104.0,9422.5,0.062,中/碎 (建议并块平整),0.992,0.505,-100.6655976,21.1522211,327054.39,2339901.78
P0327,1,夏玉米,全国重要农区,全国重要农作物优势聚集片区,规范规整农田区 (<10万亩),660.16,44.0104,440104.0,10231.8,0.053,中/碎 (建议并块平整),0.939,0.444,-99.0947783,22.5623407,490255.94,2495075.43
P0328,2,冬小麦,全国重要农区,全国重要农作物优势聚集片区,规范规整农田区 (<10万亩),660.16,44.0104,440104.0,7822.7,0.09,中/碎 (建议并块平整),0.982,0.483,-101.9682778,21.0043548,191416.09,2325496.48
P0329,2,冬小麦,全国重要农区,全国重要农作物优势聚集片区,规范规整农田区 (<10万亩),660.16,44.0104,440104.0,5357.4,0.193,中/碎 (建议并块平整),0.955,0.473,-100.4409684,21.0781289,350308.16,2331471.49
P0330,1,夏玉米,全国重要农区,全国重要农作物优势聚集片区,规范规整农田区 (<10万亩),660.16,44.0104,440104.0,11317.5,0.043,中/碎 (建议并块平整),0.924,0.655,-100.6872703,23.868961,328195.79,2640742.65
P0331,1,夏玉米,全国重要农区,全国重要农作物优势聚集片区,规范规整农田区 (<10万亩),660.16,44.0104,440104.0,8262.6,0.081,中/碎 (建议并块平整),0.873,0.405,-101.8327382,23.7625079,211272.9,2630810.85
P0332,2,冬小麦,全国重要农区,全国重要农作物优势聚集片区,规范规整农田区 (<10万亩),660.16,44.0104,440104.0,8415.3,0.078,中/碎 (建议并块平整),0.986,0.48,-99.6546695,22.0111704,432428.69,2434208.05
P0333,2,冬小麦,全国重要农区,全国重要农作物优势聚集片区,规范规整农田区 (<10万亩),658.81,43.9204,439204.0,8839.2,0.071,中/碎 (建议并块平整),0.975,0.47,-101.4127363,22.4229231,251648.12,2481635.22
P0334,1,夏玉米,全国重要农区,全国重要农作物优势聚集片区,规范规整农田区 (<10万亩),658.81,43.9204,439204.0,3720.8,0.399,良 (基本适机),0.945,0.512,-100.4761644,21.1401154,346714.99,2338366.97
P0335,1,夏玉米,全国重要农区,全国重要农作物优势聚集片区,规范规整农田区 (<10万亩),658.81,43.9204,439204.0,4690.9,0.251,良 (基本适机),0.984,0.675,-99.0047833,22.9583873,499509.65,2538913.27
P0336,1,夏玉米,全国重要农区,全国重要农作物优势聚集片区,规范规整农田区 (<10万亩),658.81,43.9204,439204.0,10689.9,0.048,中/碎 (建议并块平整),0.936,0.57,-101.9353968,21.6552435,196181.6,2397541.75
P0337,1,夏玉米,全国重要农区,全国重要农作物优势聚集片区,规范规整农田区 (<10万亩),658.81,43.9204,439204.0,10473.2,0.05,中/碎 (建议并块平整),0.924,0.443,-101.6131944,23.5473515,233224.41,2606545.13
P0338,1,夏玉米,全国重要农区,全国重要农作物优势聚集片区,规范规整农田区 (<10万亩),658.81,43.9204,439204.0,8389.5,0.078,中/碎 (建议并块平整),0.93,0.671,-100.7442064,21.6710224,319528.84,2397429.08
P0339,2,冬小麦,全国重要农区,全国重要农作物优势聚集片区,规范规整农田区 (<10万亩),657.46,43.8304,438304.0,8784.4,0.071,中/碎 (建议并块平整),0.91,0.467,-101.8984194,22.3613705,201495.53,2475700.63
P0340,1,夏玉米,全国重要农区,全国重要农作物优势聚集片区,规范规整农田区 (<10万亩),657.46,43.8304,438304.0,6986.7,0.113,中/碎 (建议并块平整),0.93,0.615,-101.1912279,22.097414,273934.62,2445236.11
P0341,2,冬小麦,全国重要农区,全国重要农作物优势聚集片区,规范规整农田区 (<10万亩),657.46,43.8304,438304.0,9282.5,0.064,中/碎 (建议并块平整),0.973,0.471,-101.3766267,22.1629659,254913.24,2452783.49
P0342,1,夏玉米,全国重要农区,全国重要农作物优势聚集片区,规范规整农田区 (<10万亩),657.46,43.8304,438304.0,5300.3,0.196,中/碎 (建议并块平整),0.959,0.394,-101.8709956,22.8380957,205339.5,2528464.17
P0343,1,夏玉米,全国重要农区,全国重要农作物优势聚集片区,规范规整农田区 (<10万亩),657.46,43.8304,438304.0,8861.3,0.07,中/碎 (建议并块平整),0.916,0.623,-99.8124855,23.1316777,416814.29,2558328.28
P0344,1,夏玉米,全国重要农区,全国重要农作物优势聚集片区,规范规整农田区 (<10万亩),657.46,43.8304,438304.0,8084.3,0.084,中/碎 (建议并块平整),0.979,0.681,-99.749378,23.2701332,423354.76,2573621.97
P0345,2,冬小麦,全国重要农区,全国重要农作物优势聚集片区,规范规整农田区 (<10万亩),657.46,43.8304,438304.0,9201.1,0.065,中/碎 (建议并块平整),0.971,0.48,-101.5037338,21.5935292,240771.92,2389922.8
P0346,1,夏玉米,全国重要农区,全国重要农作物优势聚集片区,规范规整农田区 (<10万亩),656.11,43.7404,437404.0,8646.9,0.074,中/碎 (建议并块平整),0.969,0.636,-101.3725654,21.5472408,254280.42,2384583.46
P0347,2,冬小麦,全国重要农区,全国重要农作物优势聚集片区,规范规整农田区 (<10万亩),656.11,43.7404,437404.0,11741.4,0.04,中/碎 (建议并块平整),0.971,0.527,-100.0657188,22.0823655,390054.66,2442328.14
P0348,1,夏玉米,全国重要农区,全国重要农作物优势聚集片区,规范规整农田区 (<10万亩),656.11,43.7404,437404.0,10896.3,0.046,中/碎 (建议并块平整),0.988,0.551,-101.5951033,21.7991752,231688.84,2412856.27
P0349,2,冬小麦,全国重要农区,全国重要农作物优势聚集片区,规范规整农田区 (<10万亩),654.76,43.6504,436504.0,14096.2,0.028,中/碎 (建议并块平整),0.946,0.513,-100.2299003,22.3940791,373395.45,2476964.78
P0350,1,夏玉米,全国重要农区,全国重要农作物优势聚集片区,规范规整农田区 (<10万亩),654.76,43.6504,436504.0,6125.3,0.146,中/碎 (建议并块平整),0.897,0.425,-99.4426419,22.8294341,454580.27,2524706.44
P0351,2,冬小麦,全国重要农区,全国重要农作物优势聚集片区,规范规整农田区 (<10万亩),654.76,43.6504,436504.0,5891.3,0.158,中/碎 (建议并块平整),0.996,0.461,-101.1915701,21.6054301,273123.25,2390752.87
P0352,2,冬小麦,全国重要农区,全国重要农作物优势聚集片区,规范规整农田区 (<10万亩),653.41,43.5604,435604.0,9249.4,0.064,中/碎 (建议并块平整),0.99,0.503,-101.968744,21.7382802,192904.24,2406807.16
P0353,1,夏玉米,全国重要农区,全国重要农作物优势聚集片区,规范规整农田区 (<10万亩),653.41,43.5604,435604.0,10405.4,0.051,中/碎 (建议并块平整),0.948,0.666,-99.7668924,22.9914947,421401.13,2542783.7
P0354,1,夏玉米,全国重要农区,全国重要农作物优势聚集片区,规范规整农田区 (<10万亩),653.41,43.5604,435604.0,10234.3,0.052,中/碎 (建议并块平整),0.942,0.582,-101.8971609,22.2512119,201390.78,2463493.48
P0355,2,冬小麦,全国重要农区,全国重要农作物优势聚集片区,规范规整农田区 (<10万亩),653.41,43.5604,435604.0,7832.5,0.089,中/碎 (建议并块平整),0.977,0.468,-101.9167423,21.2537963,197284.77,2353031.17
P0356,2,冬小麦,全国重要农区,全国重要农作物优势聚集片区,规范规整农田区 (<10万亩),652.06,43.4704,434704.0,9502.8,0.06,中/碎 (建议并块平整),0.99,0.463,-101.7365124,22.3709861,218198.84,2476453.48
P0357,1,夏玉米,全国重要农区,全国重要农作物优势聚集片区,规范规整农田区 (<10万亩),652.06,43.4704,434704.0,6700.5,0.122,中/碎 (建议并块平整),0.957,0.497,-99.0226508,21.8426258,497659.39,2415408.18
P0358,2,冬小麦,全国重要农区,全国重要农作物优势聚集片区,规范规整农田区 (<10万亩),652.06,43.4704,434704.0,7666.8,0.093,中/碎 (建议并块平整),0.961,0.464,-101.1841671,21.3991347,273570.54,2367897.23
P0359,2,冬小麦,全国重要农区,全国重要农作物优势聚集片区,规范规整农田区 (<10万亩),652.06,43.4704,434704.0,6795.8,0.118,中/碎 (建议并块平整),0.938,0.548,-100.2674543,22.6030937,369725.15,2500137.32
P0360,2,冬小麦,全国重要农区,全国重要农作物优势聚集片区,规范规整农田区 (<10万亩),650.71,43.3804,433804.0,9931.7,0.055,中/碎 (建议并块平整),0.909,0.493,-100.0848933,22.4393057,388359.82,2481856.72
P0361,2,冬小麦,全国重要农区,全国重要农作物优势聚集片区,规范规整农田区 (<10万亩),650.71,43.3804,433804.0,9830.4,0.056,中/碎 (建议并块平整),0.994,0.5,-100.9767102,22.7023027,296953.73,2511917.53
P0362,1,夏玉米,全国重要农区,全国重要农作物优势聚集片区,规范规整农田区 (<10万亩),650.71,43.3804,433804.0,5743.9,0.165,中/碎 (建议并块平整),0.83,0.646,-101.7682832,23.6241467,217548.13,2615351.19
P0363,2,冬小麦,全国重要农区,全国重要农作物优势聚集片区,规范规整农田区 (<10万亩),650.71,43.3804,433804.0,9205.7,0.064,中/碎 (建议并块平整),0.996,0.461,-100.9719806,21.7807229,296109.69,2409858.66
P0364,1,夏玉米,全国重要农区,全国重要农作物优势聚集片区,规范规整农田区 (<10万亩),650.71,43.3804,433804.0,3750.7,0.388,良 (基本适机),0.967,0.616,-101.1622734,21.6482447,276223.16,2395451.64
P0365,1,夏玉米,全国重要农区,全国重要农作物优势聚集片区,规范规整农田区 (<10万亩),650.71,43.3804,433804.0,7333.4,0.101,中/碎 (建议并块平整),0.971,0.501,-101.7943702,23.0211094,213593.87,2548589.34
P0366,1,夏玉米,全国重要农区,全国重要农作物优势聚集片区,规范规整农田区 (<10万亩),650.71,43.3804,433804.0,6498.7,0.129,中/碎 (建议并块平整),0.927,0.439,-99.0634145,22.5224852,493478.55,2490661.98
P0367,2,冬小麦,全国重要农区,全国重要农作物优势聚集片区,规范规整农田区 (<10万亩),649.36,43.2904,432904.0,10402.3,0.05,中/碎 (建议并块平整),0.942,0.512,-99.0992277,22.0898143,489764.09,2442771.53
P0368,1,夏玉米,全国重要农区,全国重要农作物优势聚集片区,规范规整农田区 (<10万亩),649.36,43.2904,432904.0,10696.5,0.048,中/碎 (建议并块平整),0.965,0.493,-99.1364826,22.2328162,485935.25,2458603.15
P0369,2,冬小麦,全国重要农区,全国重要农作物优势聚集片区,规范规整农田区 (<10万亩),649.36,43.2904,432904.0,7219.7,0.104,中/碎 (建议并块平整),0.971,0.468,-101.6044682,21.6631208,230466.29,2397802.41
P0370,2,冬小麦,全国重要农区,全国重要农作物优势聚集片区,规范规整农田区 (<10万亩),649.36,43.2904,432904.0,9782.0,0.057,中/碎 (建议并块平整),0.981,0.464,-101.8048832,22.2594342,210924.26,2464224.92
P0371,1,夏玉米,全国重要农区,全国重要农作物优势聚集片区,规范规整农田区 (<10万亩),648.01,43.2004,432004.0,11334.3,0.042,中/碎 (建议并块平整),0.975,0.582,-101.2229743,23.1813752,272452.05,2565336.4
P0372,1,夏玉米,全国重要农区,全国重要农作物优势聚集片区,规范规整农田区 (<10万亩),648.01,43.2004,432004.0,6993.1,0.111,中/碎 (建议并块平整),0.798,0.672,-101.628181,21.8177137,228302.17,2414967.71
P0373,2,冬小麦,全国重要农区,全国重要农作物优势聚集片区,规范规整农田区 (<10万亩),648.01,43.2004,432004.0,10738.2,0.047,中/碎 (建议并块平整),0.979,0.478,-101.7977174,22.4171721,211987.78,2481686.24
P0374,1,夏玉米,全国重要农区,全国重要农作物优势聚集片区,规范规整农田区 (<10万亩),648.01,43.2004,432004.0,6893.1,0.114,中/碎 (建议并块平整),0.512,0.511,-99.0290459,23.5877056,497036.37,2608581.33
P0375,1,夏玉米,全国重要农区,全国重要农作物优势聚集片区,规范规整农田区 (<10万亩),648.01,43.2004,432004.0,9824.7,0.056,中/碎 (建议并块平整),0.948,0.611,-101.4075943,22.2554376,251881.17,2463075.92
P0376,1,夏玉米,全国重要农区,全国重要农作物优势聚集片区,规范规整农田区 (<10万亩),648.01,43.2004,432004.0,11605.9,0.04,中/碎 (建议并块平整),0.969,0.608,-99.8442859,22.3557489,413068.88,2472447.86
P0377,2,冬小麦,全国重要农区,全国重要农作物优势聚集片区,规范规整农田区 (<10万亩),646.66,43.1104,431103.9,10404.7,0.05,中/碎 (建议并块平整),0.973,0.576,-99.5949037,22.3215338,438732.14,2468537.75
P0378,1,夏玉米,全国重要农区,全国重要农作物优势聚集片区,规范规整农田区 (<10万亩),646.66,43.1104,431103.9,7968.5,0.085,中/碎 (建议并块平整),0.969,0.627,-101.4823844,22.3917722,244418.81,2478301.7
P0379,1,夏玉米,全国重要农区,全国重要农作物优势聚集片区,规范规整农田区 (<10万亩),646.66,43.1104,431103.9,8409.4,0.077,中/碎 (建议并块平整),0.983,0.66,-99.7196123,22.9152088,426205.69,2534313.9
P0380,2,冬小麦,全国重要农区,全国重要农作物优势聚集片区,规范规整农田区 (<10万亩),646.66,43.1104,431103.9,9964.1,0.055,中/碎 (建议并块平整),0.954,0.491,-99.7797204,23.6567879,420483.22,2616446.14
P0381,1,夏玉米,全国重要农区,全国重要农作物优势聚集片区,规范规整农田区 (<10万亩),645.31,43.0204,430203.9,12125.7,0.037,中/碎 (建议并块平整),0.797,0.535,-99.2469457,23.9213776,474867.6,2645543.95
P0382,2,冬小麦,全国重要农区,全国重要农作物优势聚集片区,规范规整农田区 (<10万亩),645.31,43.0204,430203.9,9641.2,0.058,中/碎 (建议并块平整),0.948,0.591,-100.2687425,21.182647,368294.17,2342888.88
P0383,1,夏玉米,全国重要农区,全国重要农作物优势聚集片区,规范规整农田区 (<10万亩),645.31,43.0204,430203.9,11160.8,0.043,中/碎 (建议并块平整),0.967,0.517,-100.9427808,23.3247301,301354.0,2580801.85
P0384,1,夏玉米,全国重要农区,全国重要农作物优势聚集片区,规范规整农田区 (<10万亩),645.31,43.0204,430203.9,11624.5,0.04,中/碎 (建议并块平整),0.944,0.605,-101.4434047,21.3310658,246567.15,2360754.83
P0385,1,夏玉米,全国重要农区,全国重要农作物优势聚集片区,规范规整农田区 (<10万亩),645.31,43.0204,430203.9,8265.3,0.079,中/碎 (建议并块平整),0.937,0.605,-100.9730316,22.372285,296849.14,2475366.35
P0386,1,夏玉米,全国重要农区,全国重要农作物优势聚集片区,规范规整农田区 (<10万亩),643.96,42.9304,429303.9,8075.6,0.083,中/碎 (建议并块平整),0.969,0.553,-101.0250063,21.626801,290402.66,2392885.5
P0387,1,夏玉米,全国重要农区,全国重要农作物优势聚集片区,规范规整农田区 (<10万亩),643.96,42.9304,429303.9,9194.2,0.064,中/碎 (建议并块平整),0.969,0.5,-99.7427888,21.5954669,423111.59,2388235.35
P0388,1,夏玉米,全国重要农区,全国重要农作物优势聚集片区,规范规整农田区 (<10万亩),643.96,42.9304,429303.9,10914.7,0.045,中/碎 (建议并块平整),0.864,0.397,-99.7463677,22.5541885,423260.68,2494361.66
P0389,1,夏玉米,全国重要农区,全国重要农作物优势聚集片区,规范规整农田区 (<10万亩),642.61,42.8404,428403.9,7894.1,0.086,中/碎 (建议并块平整),0.943,0.596,-101.5095576,21.4854727,239976.08,2377964.4
P0390,2,冬小麦,全国重要农区,全国重要农作物优势聚集片区,规范规整农田区 (<10万亩),641.26,42.7504,427503.9,11479.2,0.041,中/碎 (建议并块平整),0.996,0.462,-101.4916308,21.4760458,241817.77,2376890.59
P0391,1,夏玉米,全国重要农区,全国重要农作物优势聚集片区,规范规整农田区 (<10万亩),641.26,42.7504,427503.9,8431.6,0.076,中/碎 (建议并块平整),0.903,0.599,-100.696584,22.0709281,324945.9,2441651.8
P0392,1,夏玉米,全国重要农区,全国重要农作物优势聚集片区,规范规整农田区 (<10万亩),641.26,42.7504,427503.9,10584.1,0.048,中/碎 (建议并块平整),0.989,0.622,-99.1062776,22.0005577,489029.97,2432892.5
P0393,1,夏玉米,全国重要农区,全国重要农作物优势聚集片区,规范规整农田区 (<10万亩),639.91,42.6604,426603.9,5190.8,0.199,中/碎 (建议并块平整),0.882,0.61,-101.4577473,21.6533624,245640.19,2396473.72
P0394,2,冬小麦,全国重要农区,全国重要农作物优势聚集片区,规范规整农田区 (<10万亩),639.91,42.6604,426603.9,9748.3,0.056,中/碎 (建议并块平整),0.985,0.47,-101.5080053,21.087828,239436.68,2333920.63
P0395,1,夏玉米,全国重要农区,全国重要农作物优势聚集片区,规范规整农田区 (<10万亩),639.91,42.6604,426603.9,4996.9,0.215,中/碎 (建议并块平整),0.954,0.597,-101.85267,22.6026571,206719.39,2502342.76
P0396,1,夏玉米,全国重要农区,全国重要农作物优势聚集片区,规范规整农田区 (<10万亩),639.91,42.6604,426603.9,8580.4,0.073,中/碎 (建议并块平整),0.958,0.439,-101.9427701,22.7075579,197680.72,2514145.92
P0397,2,冬小麦,全国重要农区,全国重要农作物优势聚集片区,规范规整农田区 (<10万亩),639.91,42.6604,426603.9,8977.6,0.067,中/碎 (建议并块平整),0.62,0.583,-99.0607977,22.1790493,493732.32,2452646.68
P0398,2,冬小麦,全国重要农区,全国重要农作物优势聚集片区,规范规整农田区 (<10万亩),639.91,42.6604,426603.9,6753.7,0.118,中/碎 (建议并块平整),0.903,0.531,-99.0188078,22.6281971,498067.31,2502362.37
P0399,2,冬小麦,全国重要农区,全国重要农作物优势聚集片区,规范规整农田区 (<10万亩),639.91,42.6604,426603.9,5672.2,0.167,中/碎 (建议并块平整),0.924,0.472,-99.0291698,22.7600339,497005.38,2516956.28
P0400,2,冬小麦,全国重要农区,全国重要农作物优势聚集片区,规范规整农田区 (<10万亩),639.91,42.6604,426603.9,6969.5,0.11,中/碎 (建议并块平整),0.996,0.47,-101.8507539,21.2287953,204087.68,2350136.48
P0401,2,冬小麦,全国重要农区,全国重要农作物优势聚集片区,规范规整农田区 (<10万亩),639.91,42.6604,426603.9,6921.0,0.112,中/碎 (建议并块平整),0.975,0.48,-101.8122,21.8267984,209286.14,2416310.24
P0402,1,夏玉米,全国重要农区,全国重要农作物优势聚集片区,规范规整农田区 (<10万亩),638.56,42.5704,425703.9,11202.2,0.043,中/碎 (建议并块平整),0.992,0.606,-101.6564429,21.8885557,225514.5,2422865.06
P0403,1,夏玉米,全国重要农区,全国重要农作物优势聚集片区,规范规整农田区 (<10万亩),638.56,42.5704,425703.9,10363.6,0.05,中/碎 (建议并块平整),0.998,0.619,-99.1849593,22.1548083,480929.11,2449973.84
P0404,2,冬小麦,全国重要农区,全国重要农作物优势聚集片区,规范规整农田区 (<10万亩),638.56,42.5704,425703.9,9651.7,0.057,中/碎 (建议并块平整),0.945,0.493,-100.901214,21.3411691,302834.79,2361097.28
P0405,2,冬小麦,全国重要农区,全国重要农作物优势聚集片区,规范规整农田区 (<10万亩),637.21,42.4804,424803.9,7862.6,0.086,中/碎 (建议并块平整),0.915,0.565,-99.0705211,23.6923585,492810.27,2620168.8
P0406,1,夏玉米,全国重要农区,全国重要农作物优势聚集片区,规范规整农田区 (<10万亩),637.21,42.4804,424803.9,8791.8,0.069,中/碎 (建议并块平整),0.989,0.661,-101.5970274,22.0271972,231917.36,2438117.04
P0407,1,夏玉米,全国重要农区,全国重要农作物优势聚集片区,规范规整农田区 (<10万亩),637.21,42.4804,424803.9,6686.0,0.119,中/碎 (建议并块平整),0.888,0.612,-101.108617,21.8954144,282151.8,2422746.22
P0408,2,冬小麦,全国重要农区,全国重要农作物优势聚集片区,规范规整农田区 (<10万亩),637.21,42.4804,424803.9,7943.0,0.085,中/碎 (建议并块平整),0.881,0.515,-101.2796248,21.8958105,264478.54,2423042.61
P0409,1,夏玉米,全国重要农区,全国重要农作物优势聚集片区,规范规整农田区 (<10万亩),637.21,42.4804,424803.9,8948.6,0.067,中/碎 (建议并块平整),0.96,0.668,-101.4167706,21.8701654,250258.59,2420419.03
P0410,1,夏玉米,全国重要农区,全国重要农作物优势聚集片区,规范规整农田区 (<10万亩),637.21,42.4804,424803.9,7670.6,0.091,中/碎 (建议并块平整),0.951,0.543,-99.2585151,21.999186,473315.64,2432759.41
P0411,1,夏玉米,全国重要农区,全国重要农作物优势聚集片区,规范规整农田区 (<10万亩),635.86,42.3904,423903.9,8816.7,0.069,中/碎 (建议并块平整),0.862,0.617,-101.1840081,23.3949038,276798.65,2588926.27
P0412,1,夏玉米,全国重要农区,全国重要农作物优势聚集片区,规范规整农田区 (<10万亩),635.86,42.3904,423903.9,8328.6,0.077,中/碎 (建议并块平整),0.97,0.42,-101.7771118,23.0251734,215372.26,2549005.92
P0413,1,夏玉米,全国重要农区,全国重要农作物优势聚集片区,规范规整农田区 (<10万亩),635.86,42.3904,423903.9,6173.6,0.14,中/碎 (建议并块平整),0.955,0.396,-99.3803536,22.8478136,460977.02,2526723.23
P0414,1,夏玉米,全国重要农区,全国重要农作物优势聚集片区,规范规整农田区 (<10万亩),635.86,42.3904,423903.9,7894.9,0.085,中/碎 (建议并块平整),0.473,0.526,-99.2601806,22.2273859,473186.9,2458018.77
P0415,1,夏玉米,全国重要农区,全国重要农作物优势聚集片区,规范规整农田区 (<10万亩),635.86,42.3904,423903.9,11043.6,0.044,中/碎 (建议并块平整),0.968,0.586,-100.6353091,22.7777181,332121.8,2519841.27
P0416,1,夏玉米,全国重要农区,全国重要农作物优势聚集片区,规范规整农田区 (<10万亩),635.86,42.3904,423903.9,9997.0,0.053,中/碎 (建议并块平整),0.96,0.625,-101.6056917,21.8056511,230605.67,2413592.06
P0417,2,冬小麦,全国重要农区,全国重要农作物优势聚集片区,规范规整农田区 (<10万亩),635.86,42.3904,423903.9,7681.0,0.09,中/碎 (建议并块平整),0.989,0.498,-100.5970274,21.3439584,334390.19,2361055.43
P0418,1,夏玉米,全国重要农区,全国重要农作物优势聚集片区,规范规整农田区 (<10万亩),635.86,42.3904,423903.9,10549.3,0.048,中/碎 (建议并块平整),0.964,0.608,-100.6436688,21.3076763,329510.65,2357088.42
P0419,1,夏玉米,全国重要农区,全国重要农作物优势聚集片区,规范规整农田区 (<10万亩),634.51,42.3004,423003.9,13737.7,0.028,中/碎 (建议并块平整),0.938,0.486,-101.7344616,23.6423618,221039.43,2617302.84
P0420,2,冬小麦,全国重要农区,全国重要农作物优势聚集片区,规范规整农田区 (<10万亩),634.51,42.3004,423003.9,9919.3,0.054,中/碎 (建议并块平整),0.919,0.53,-99.9300902,21.8820205,403913.03,2420059.06
P0421,2,冬小麦,全国重要农区,全国重要农作物优势聚集片区,规范规整农田区 (<10万亩),634.51,42.3004,423003.9,6739.4,0.117,中/碎 (建议并块平整),0.994,0.532,-99.9485964,21.9408027,402041.25,2426577.68
P0422,2,冬小麦,全国重要农区,全国重要农作物优势聚集片区,规范规整农田区 (<10万亩),634.51,42.3004,423003.9,8268.6,0.078,中/碎 (建议并块平整),0.968,0.47,-101.6633204,22.1574251,225323.01,2452660.81
P0423,1,夏玉米,全国重要农区,全国重要农作物优势聚集片区,规范规整农田区 (<10万亩),634.51,42.3004,423003.9,6180.8,0.139,中/碎 (建议并块平整),0.932,0.66,-99.2826915,22.4662928,470916.62,2484467.93
P0424,2,冬小麦,全国重要农区,全国重要农作物优势聚集片区,规范规整农田区 (<10万亩),634.51,42.3004,423003.9,9905.4,0.054,中/碎 (建议并块平整),0.979,0.493,-101.8666676,23.559662,207361.0,2608404.19
P0425,1,夏玉米,全国重要农区,全国重要农作物优势聚集片区,规范规整农田区 (<10万亩),634.51,42.3004,423003.9,4862.4,0.225,中/碎 (建议并块平整),0.972,0.612,-101.7436433,21.639443,216008.97,2395427.98
P0426,2,冬小麦,全国重要农区,全国重要农作物优势聚集片区,规范规整农田区 (<10万亩),633.16,42.2104,422103.9,7810.6,0.087,中/碎 (建议并块平整),0.932,0.493,-99.9349088,22.3908963,403761.58,2476393.84
P0427,2,冬小麦,全国重要农区,全国重要农作物优势聚集片区,规范规整农田区 (<10万亩),633.16,42.2104,422103.9,5967.7,0.149,中/碎 (建议并块平整),0.947,0.478,-99.0329535,22.8463072,496619.06,2526506.56
P0428,2,冬小麦,全国重要农区,全国重要农作物优势聚集片区,规范规整农田区 (<10万亩),633.16,42.2104,422103.9,7732.1,0.089,中/碎 (建议并块平整),0.985,0.508,-99.828542,21.9360973,414436.77,2425984.98
P0429,1,夏玉米,全国重要农区,全国重要农作物优势聚集片区,规范规整农田区 (<10万亩),633.16,42.2104,422103.9,6112.0,0.142,中/碎 (建议并块平整),0.917,0.533,-101.511568,22.5687735,241741.59,2497957.78
P0430,1,夏玉米,全国重要农区,全国重要农作物优势聚集片区,规范规整农田区 (<10万亩),633.16,42.2104,422103.9,6907.3,0.111,中/碎 (建议并块平整),0.989,0.445,-101.7019767,22.9922843,223009.73,2545218.07
P0431,2,冬小麦,全国重要农区,全国重要农作物优势聚集片区,规范规整农田区 (<10万亩),633.16,42.2104,422103.9,12118.1,0.036,中/碎 (建议并块平整),0.9,0.551,-99.8291969,22.4290729,414667.33,2480556.16
P0432,1,夏玉米,全国重要农区,全国重要农作物优势聚集片区,规范规整农田区 (<10万亩),633.16,42.2104,422103.9,13271.2,0.03,中/碎 (建议并块平整),0.974,0.659,-100.5279047,21.1560102,341358.27,2340177.41
P0433,1,夏玉米,全国重要农区,全国重要农作物优势聚集片区,规范规整农田区 (<10万亩),631.81,42.1204,421203.9,7904.7,0.085,中/碎 (建议并块平整),0.985,0.591,-100.5457937,21.3111447,339668.38,2357369.67
P0434,1,夏玉米,全国重要农区,全国重要农作物优势聚集片区,规范规整农田区 (<10万亩),631.81,42.1204,421203.9,9447.8,0.059,中/碎 (建议并块平整),0.968,0.645,-101.3967741,22.2814708,253042.47,2465941.62
P0435,1,夏玉米,全国重要农区,全国重要农作物优势聚集片区,规范规整农田区 (<10万亩),631.81,42.1204,421203.9,6953.5,0.109,中/碎 (建议并块平整),0.994,0.453,-101.6617681,23.037077,227223.96,2550104.9
P0436,1,夏玉米,全国重要农区,全国重要农作物优势聚集片区,规范规整农田区 (<10万亩),631.81,42.1204,421203.9,12112.9,0.036,中/碎 (建议并块平整),0.97,0.64,-101.5874361,22.0223975,232898.91,2437568.56
P0437,2,冬小麦,全国重要农区,全国重要农作物优势聚集片区,规范规整农田区 (<10万亩),631.81,42.1204,421203.9,7393.0,0.097,中/碎 (建议并块平整),0.972,0.467,-101.7415304,22.2064462,217350.76,2458235.03
P0438,1,夏玉米,全国重要农区,全国重要农作物优势聚集片区,规范规整农田区 (<10万亩),631.81,42.1204,421203.9,5491.0,0.176,中/碎 (建议并块平整),0.921,0.516,-101.9909396,23.8582189,195362.23,2641747.63
P0439,1,夏玉米,全国重要农区,全国重要农作物优势聚集片区,规范规整农田区 (<10万亩),630.46,42.0304,420303.8,7117.3,0.104,中/碎 (建议并块平整),0.942,0.597,-101.8291216,22.7866707,209530.49,2522683.6
P0440,2,冬小麦,全国重要农区,全国重要农作物优势聚集片区,规范规整农田区 (<10万亩),630.46,42.0304,420303.8,9570.7,0.058,中/碎 (建议并块平整),0.976,0.517,-99.076997,23.0591405,492112.67,2550068.7
P0441,1,夏玉米,全国重要农区,全国重要农作物优势聚集片区,规范规整农田区 (<10万亩),629.11,41.9404,419403.8,9961.0,0.053,中/碎 (建议并块平整),0.942,0.602,-101.1812674,23.2613126,276855.66,2574125.5
P0442,2,冬小麦,全国重要农区,全国重要农作物优势聚集片区,规范规整农田区 (<10万亩),629.11,41.9404,419403.8,10522.6,0.048,中/碎 (建议并块平整),0.983,0.51,-100.2373491,22.425141,372656.91,2480409.93
P0443,2,冬小麦,全国重要农区,全国重要农作物优势聚集片区,规范规整农田区 (<10万亩),629.11,41.9404,419403.8,5261.7,0.19,中/碎 (建议并块平整),0.989,0.482,-100.5754516,21.285063,336562.81,2354512.69
P0444,1,夏玉米,全国重要农区,全国重要农作物优势聚集片区,规范规整农田区 (<10万亩),629.11,41.9404,419403.8,9012.2,0.065,中/碎 (建议并块平整),0.938,0.627,-101.183364,22.0623959,274690.63,2441346.36
P0445,1,夏玉米,全国重要农区,全国重要农作物优势聚集片区,规范规整农田区 (<10万亩),629.11,41.9404,419403.8,11286.5,0.041,中/碎 (建议并块平整),0.959,0.561,-101.5227682,23.8088664,242972.62,2635350.93
P0446,2,冬小麦,全国重要农区,全国重要农作物优势聚集片区,规范规整农田区 (<10万亩),627.76,41.8504,418503.8,5166.0,0.197,中/碎 (建议并块平整),0.929,0.473,-101.6326492,22.241378,228649.41,2461905.3
P0447,2,冬小麦,全国重要农区,全国重要农作物优势聚集片区,规范规整农田区 (<10万亩),627.76,41.8504,418503.8,5792.8,0.157,中/碎 (建议并块平整),0.918,0.471,-101.8551898,23.3896028,208159.01,2589538.05
P0448,2,冬小麦,全国重要农区,全国重要农作物优势聚集片区,规范规整农田区 (<10万亩),627.76,41.8504,418503.8,6445.6,0.127,中/碎 (建议并块平整),0.985,0.469,-100.6163636,21.0620778,332066.17,2329869.43
P0449,1,夏玉米,全国重要农区,全国重要农作物优势聚集片区,规范规整农田区 (<10万亩),627.76,41.8504,418503.8,8010.4,0.082,中/碎 (建议并块平整),0.933,0.524,-100.5864201,23.8115236,338395.36,2634263.24
P0450,2,冬小麦,全国重要农区,全国重要农作物优势聚集片区,规范规整农田区 (<10万亩),627.76,41.8504,418503.8,9665.1,0.056,中/碎 (建议并块平整),0.875,0.558,-99.0607843,23.602102,493798.7,2610176.15
P0451,1,夏玉米,全国重要农区,全国重要农作物优势聚集片区,规范规整农田区 (<10万亩),626.41,41.7604,417603.8,5832.0,0.154,中/碎 (建议并块平整),0.963,0.654,-101.3834611,21.8544081,253675.09,2418620.08
P0452,1,夏玉米,全国重要农区,全国重要农作物优势聚集片区,规范规整农田区 (<10万亩),626.41,41.7604,417603.8,7822.6,0.086,中/碎 (建议并块平整),0.843,0.402,-101.1261854,22.8513925,281832.26,2528641.61
P0453,1,夏玉米,全国重要农区,全国重要农作物优势聚集片区,规范规整农田区 (<10万亩),626.41,41.7604,417603.8,10185.1,0.051,中/碎 (建议并块平整),0.966,0.599,-101.4830932,22.4598304,244470.51,2485841.44
P0454,1,夏玉米,全国重要农区,全国重要农作物优势聚集片区,规范规整农田区 (<10万亩),626.41,41.7604,417603.8,9877.7,0.054,中/碎 (建议并块平整),0.968,0.42,-101.9565144,23.8273995,198799.38,2638258.76
P0455,1,夏玉米,全国重要农区,全国重要农作物优势聚集片区,规范规整农田区 (<10万亩),626.41,41.7604,417603.8,11338.6,0.041,中/碎 (建议并块平整),0.931,0.574,-100.9571125,22.3583198,298468.58,2473798.47
P0456,1,夏玉米,全国重要农区,全国重要农作物优势聚集片区,规范规整农田区 (<10万亩),626.41,41.7604,417603.8,6692.7,0.117,中/碎 (建议并块平整),0.972,0.452,-99.125471,22.2680068,487073.25,2462497.4
P0457,1,夏玉米,全国重要农区,全国重要农作物优势聚集片区,规范规整农田区 (<10万亩),625.06,41.6704,416703.8,7078.2,0.105,中/碎 (建议并块平整),0.983,0.46,-101.6214841,23.4376942,232156.0,2594412.07
P0458,1,夏玉米,全国重要农区,全国重要农作物优势聚集片区,规范规整农田区 (<10万亩),625.06,41.6704,416703.8,9795.1,0.055,中/碎 (建议并块平整),0.952,0.603,-99.8162584,21.6388313,415531.35,2393073.41
P0459,2,冬小麦,全国重要农区,全国重要农作物优势聚集片区,规范规整农田区 (<10万亩),625.06,41.6704,416703.8,5913.1,0.15,中/碎 (建议并块平整),0.946,0.466,-101.3077897,21.2821094,260559.71,2355120.88
P0460,2,冬小麦,全国重要农区,全国重要农作物优势聚集片区,规范规整农田区 (<10万亩),625.06,41.6704,416703.8,7232.0,0.1,中/碎 (建议并块平整),0.985,0.467,-99.0709658,22.7952891,492716.39,2520860.37
P0461,1,夏玉米,全国重要农区,全国重要农作物优势聚集片区,规范规整农田区 (<10万亩),625.06,41.6704,416703.8,6374.9,0.129,中/碎 (建议并块平整),0.875,0.543,-101.2739223,22.8786465,266714.15,2531886.48
P0462,1,夏玉米,全国重要农区,全国重要农作物优势聚集片区,规范规整农田区 (<10万亩),625.06,41.6704,416703.8,8315.4,0.076,中/碎 (建议并块平整),0.965,0.624,-99.9680459,22.2993167,400285.13,2466277.38
P0463,1,夏玉米,全国重要农区,全国重要农作物优势聚集片区,规范规整农田区 (<10万亩),623.71,41.5804,415803.8,6133.2,0.139,中/碎 (建议并块平整),0.959,0.663,-99.0997316,22.8189076,489765.77,2523476.57
P0464,1,夏玉米,全国重要农区,全国重要农作物优势聚集片区,规范规整农田区 (<10万亩),623.71,41.5804,415803.8,4920.9,0.216,中/碎 (建议并块平整),0.9,0.576,-100.1928475,23.2904558,378012.19,2576175.86
P0465,1,夏玉米,全国重要农区,全国重要农作物优势聚集片区,规范规整农田区 (<10万亩),623.71,41.5804,415803.8,9676.8,0.056,中/碎 (建议并块平整),0.926,0.504,-101.5082963,23.3488714,243554.76,2584366.27
P0466,1,夏玉米,全国重要农区,全国重要农作物优势聚集片区,规范规整农田区 (<10万亩),623.71,41.5804,415803.8,11195.8,0.042,中/碎 (建议并块平整),0.905,0.63,-100.9040383,21.1741903,302318.98,2342612.68
P0467,1,夏玉米,全国重要农区,全国重要农作物优势聚集片区,规范规整农田区 (<10万亩),623.71,41.5804,415803.8,6818.4,0.112,中/碎 (建议并块平整),0.935,0.617,-101.4735019,21.4912884,243723.85,2378548.96
P0468,1,夏玉米,全国重要农区,全国重要农作物优势聚集片区,规范规整农田区 (<10万亩),623.71,41.5804,415803.8,6282.9,0.132,中/碎 (建议并块平整),0.883,0.671,-101.751561,22.4646893,216838.57,2486862.47
P0469,1,夏玉米,全国重要农区,全国重要农作物优势聚集片区,规范规整农田区 (<10万亩),623.71,41.5804,415803.8,8167.9,0.078,中/碎 (建议并块平整),0.654,0.516,-99.0365971,23.5786156,496265.65,2607575.17
P0470,1,夏玉米,全国重要农区,全国重要农作物优势聚集片区,规范规整农田区 (<10万亩),622.36,41.4904,414903.8,8252.3,0.077,中/碎 (建议并块平整),0.913,0.633,-99.7379083,21.5840592,423610.82,2386970.27
P0471,2,冬小麦,全国重要农区,全国重要农作物优势聚集片区,规范规整农田区 (<10万亩),622.36,41.4904,414903.8,7596.4,0.09,中/碎 (建议并块平整),0.976,0.477,-101.9584978,22.3296133,195235.1,2472302.55
P0472,2,冬小麦,全国重要农区,全国重要农作物优势聚集片区,规范规整农田区 (<10万亩),622.36,41.4904,414903.8,4729.7,0.233,中/碎 (建议并块平整),0.939,0.496,-100.940889,22.6309109,300531.02,2503963.02
P0473,1,夏玉米,全国重要农区,全国重要农作物优势聚集片区,规范规整农田区 (<10万亩),622.36,41.4904,414903.8,7678.2,0.088,中/碎 (建议并块平整),0.944,0.535,-101.3702882,22.7428509,256582.54,2517001.17
P0474,2,冬小麦,全国重要农区,全国重要农作物优势聚集片区,规范规整农田区 (<10万亩),622.36,41.4904,414903.8,6880.4,0.11,中/碎 (建议并块平整),0.948,0.468,-101.2644792,22.2735314,266665.86,2464851.88
P0475,2,冬小麦,全国重要农区,全国重要农作物优势聚集片区,规范规整农田区 (<10万亩),622.36,41.4904,414903.8,7331.7,0.097,中/碎 (建议并块平整),0.965,0.482,-100.7380242,21.6318972,320120.15,2393090.01
P0476,1,夏玉米,全国重要农区,全国重要农作物优势聚集片区,规范规整农田区 (<10万亩),622.36,41.4904,414903.8,8804.0,0.067,中/碎 (建议并块平整),0.883,0.644,-99.0057265,23.7041515,499416.23,2621472.63
P0477,1,夏玉米,全国重要农区,全国重要农作物优势聚集片区,规范规整农田区 (<10万亩),621.01,41.4004,414003.8,6303.1,0.131,中/碎 (建议并块平整),0.885,0.563,-99.2495194,22.2061389,474281.73,2455665.1
P0478,1,夏玉米,全国重要农区,全国重要农作物优势聚集片区,规范规整农田区 (<10万亩),621.01,41.4004,414003.8,8090.4,0.079,中/碎 (建议并块平整),0.933,0.592,-101.3531591,21.5723955,256333.18,2387338.84
P0479,1,夏玉米,全国重要农区,全国重要农作物优势聚集片区,规范规整农田区 (<10万亩),621.01,41.4004,414003.8,8874.3,0.066,中/碎 (建议并块平整),0.965,0.584,-100.0618515,23.7498659,391786.0,2626937.55
P0480,1,夏玉米,全国重要农区,全国重要农作物优势聚集片区,规范规整农田区 (<10万亩),621.01,41.4004,414003.8,6918.6,0.109,中/碎 (建议并块平整),0.841,0.717,-100.9252798,21.4605633,300500.52,2374347.45
P0481,2,冬小麦,全国重要农区,全国重要农作物优势聚集片区,规范规整农田区 (<10万亩),619.66,41.3104,413103.8,7572.2,0.091,中/碎 (建议并块平整),0.987,0.487,-101.8477895,22.2900434,206563.61,2467698.8
P0482,1,夏玉米,全国重要农区,全国重要农作物优势聚集片区,规范规整农田区 (<10万亩),619.66,41.3104,413103.8,5708.9,0.159,中/碎 (建议并块平整),0.915,0.418,-99.0655732,23.9262259,493326.68,2646060.31
P0483,2,冬小麦,全国重要农区,全国重要农作物优势聚集片区,规范规整农田区 (<10万亩),619.66,41.3104,413103.8,7755.7,0.086,中/碎 (建议并块平整),0.978,0.466,-100.0294745,23.9097409,395214.33,2644615.22
P0484,2,冬小麦,全国重要农区,全国重要农作物优势聚集片区,规范规整农田区 (<10万亩),619.66,41.3104,413103.8,8086.9,0.079,中/碎 (建议并块平整),0.954,0.533,-100.8938595,22.1276783,304664.04,2448175.59
P0485,1,夏玉米,全国重要农区,全国重要农作物优势聚集片区,规范规整农田区 (<10万亩),619.66,41.3104,413103.8,8939.7,0.065,中/碎 (建议并块平整),0.882,0.43,-101.5052672,22.5259562,242310.21,2493204.06
P0486,1,夏玉米,全国重要农区,全国重要农作物优势聚集片区,规范规整农田区 (<10万亩),619.66,41.3104,413103.8,7314.6,0.097,中/碎 (建议并块平整),0.972,0.602,-101.4113295,22.0651151,251161.23,2442002.17
P0487,2,冬小麦,全国重要农区,全国重要农作物优势聚集片区,规范规整农田区 (<10万亩),619.66,41.3104,413103.8,5618.4,0.164,中/碎 (建议并块平整),0.993,0.461,-99.020864,21.8197133,497843.69,2412872.11
P0488,1,夏玉米,全国重要农区,全国重要农作物优势聚集片区,规范规整农田区 (<10万亩),619.66,41.3104,413103.8,10140.7,0.05,中/碎 (建议并块平整),0.93,0.692,-99.7458045,23.2047107,423683.06,2566377.19
P0489,1,夏玉米,全国重要农区,全国重要农作物优势聚集片区,规范规整农田区 (<10万亩),619.66,41.3104,413103.8,12834.0,0.032,中/碎 (建议并块平整),0.939,0.446,-101.6592079,23.5420505,228513.8,2606044.29
P0490,1,夏玉米,全国重要农区,全国重要农作物优势聚集片区,规范规整农田区 (<10万亩),618.31,41.2204,412203.8,7713.7,0.087,中/碎 (建议并块平整),0.941,0.692,-101.5241831,22.1759906,239713.77,2454471.95
P0491,1,夏玉米,全国重要农区,全国重要农作物优势聚集片区,规范规整农田区 (<10万亩),618.31,41.2204,412203.8,9362.3,0.059,中/碎 (建议并块平整),0.987,0.576,-101.7566841,23.0758599,217572.92,2554581.87
P0492,1,夏玉米,全国重要农区,全国重要农作物优势聚集片区,规范规整农田区 (<10万亩),618.31,41.2204,412203.8,7494.0,0.092,中/碎 (建议并块平整),0.895,0.696,-100.4352471,22.0629322,351906.84,2440489.52
P0493,1,夏玉米,全国重要农区,全国重要农作物优势聚集片区,规范规整农田区 (<10万亩),618.31,41.2204,412203.8,11907.5,0.037,中/碎 (建议并块平整),0.775,0.516,-99.1726272,23.7877541,482413.21,2630738.97
P0494,1,夏玉米,全国重要农区,全国重要农作物优势聚集片区,规范规整农田区 (<10万亩),618.31,41.2204,412203.8,10130.9,0.05,中/碎 (建议并块平整),0.934,0.43,-101.5168285,23.8426718,243644.54,2639085.27
P0495,1,夏玉米,全国重要农区,全国重要农作物优势聚集片区,规范规整农田区 (<10万亩),618.31,41.2204,412203.8,6445.9,0.125,中/碎 (建议并块平整),0.961,0.622,-100.8608787,21.176896,306804.6,2342859.05
P0496,2,冬小麦,全国重要农区,全国重要农作物优势聚集片区,规范规整农田区 (<10万亩),618.31,41.2204,412203.8,10331.6,0.049,中/碎 (建议并块平整),0.972,0.488,-101.9811327,21.5602709,191242.96,2387110.0
P0497,2,冬小麦,全国重要农区,全国重要农作物优势聚集片区,规范规整农田区 (<10万亩),616.96,41.1304,411303.8,5656.0,0.162,中/碎 (建议并块平整),0.934,0.493,-100.650363,21.4065458,328931.01,2368041.66
P0498,1,夏玉米,全国重要农区,全国重要农作物优势聚集片区,规范规整农田区 (<10万亩),616.96,41.1304,411303.8,6551.6,0.12,中/碎 (建议并块平整),0.91,0.428,-99.8666809,22.5969492,410917.29,2499162.19
P0499,1,夏玉米,全国重要农区,全国重要农作物优势聚集片区,规范规整农田区 (<10万亩),615.61,41.0404,410403.8,10492.8,0.047,中/碎 (建议并块平整),0.98,0.607,-101.4701413,22.252271,245426.72,2462829.21
P0500,2,冬小麦,全国重要农区,全国重要农作物优势聚集片区,规范规整农田区 (<10万亩),615.61,41.0404,410403.8,4831.3,0.221,中/碎 (建议并块平整),0.991,0.464,-101.0088232,21.2553998,291550.91,2351738.97
