sample_id,stratum_id,map_classified_label,ground_truth_label,weight_sampling_prob,lat,lon,source
VAL_0001,Stratum_1,1,1,1.0,28.45238,103.25,NASA_Harvest_CropHarvest
VAL_0002,Stratum_1,1,1,1.0,28.95238,102.75,NASA_Harvest_CropHarvest
VAL_0003,Stratum_1,1,1,1.0,28.45238,101.25,NASA_Harvest_CropHarvest
VAL_0004,Stratum_1,1,1,1.0,27.45238,101.25,NASA_Harvest_CropHarvest
VAL_0005,Stratum_1,1,1,1.0,27.95238,100.75,NASA_Harvest_CropHarvest
VAL_0006,Stratum_1,1,1,1.0,28.95238,103.75,NASA_Harvest_CropHarvest
VAL_0007,Stratum_0,0,1,1.0,28.45238,102.75,NASA_Harvest_CropHarvest
VAL_0008,Stratum_1,1,1,1.0,28.95238,102.25,NASA_Harvest_CropHarvest
VAL_0009,Stratum_1,1,1,1.0,27.95238,101.25,NASA_Harvest_CropHarvest
VAL_0010,Stratum_1,1,1,1.0,27.95238,102.25,NASA_Harvest_CropHarvest
VAL_0011,Stratum_0,0,1,1.0,29.65179,101.5506,NASA_Harvest_CropHarvest
VAL_0012,Stratum_1,1,1,1.0,29.65179,100.5506,NASA_Harvest_CropHarvest
VAL_0013,Stratum_1,1,1,1.0,30.95238,103.75,NASA_Harvest_CropHarvest
VAL_0014,Stratum_1,1,1,1.0,28.45238,101.75,NASA_Harvest_CropHarvest
VAL_0015,Stratum_1,1,1,1.0,29.45238,103.75,NASA_Harvest_CropHarvest
VAL_0016,Stratum_1,1,1,1.0,30.45238,103.75,NASA_Harvest_CropHarvest
VAL_0017,Stratum_1,1,1,1.0,28.25,102.95238,NASA_Harvest_CropHarvest
VAL_0018,Stratum_1,1,1,1.0,27.65179,102.5506,NASA_Harvest_CropHarvest
VAL_0019,Stratum_1,1,1,1.0,28.65179,102.5506,NASA_Harvest_CropHarvest
VAL_0020,Stratum_1,1,1,1.0,27.65179,102.95238,NASA_Harvest_CropHarvest
VAL_0021,Stratum_1,1,1,1.0,28.65179,102.95238,NASA_Harvest_CropHarvest
VAL_0022,Stratum_1,1,1,1.0,29.65179,103.95238,NASA_Harvest_CropHarvest
VAL_0023,Stratum_1,1,1,1.0,29.25,102.65179,NASA_Harvest_CropHarvest
VAL_0024,Stratum_1,1,1,1.0,27.75,103.35119,NASA_Harvest_CropHarvest
VAL_0025,Stratum_1,1,1,1.0,28.15179,102.15179,NASA_Harvest_CropHarvest
VAL_0026,Stratum_1,1,1,1.0,30.15179,103.15179,NASA_Harvest_CropHarvest
VAL_0027,Stratum_1,1,1,1.0,29.95238,103.75,NASA_Harvest_CropHarvest
VAL_0028,Stratum_1,1,1,1.0,30.25,103.95238,NASA_Harvest_CropHarvest
VAL_0029,Stratum_1,1,1,1.0,27.65179,101.5506,NASA_Harvest_CropHarvest
VAL_0030,Stratum_1,1,0,1.0,30.45238,101.25,NASA_Harvest_CropHarvest
VAL_0031,Stratum_0,0,0,1.0,29.45238,103.25,NASA_Harvest_CropHarvest
VAL_0032,Stratum_0,0,0,1.0,27.45238,102.25,NASA_Harvest_CropHarvest
VAL_0033,Stratum_0,0,0,1.0,28.45238,102.25,NASA_Harvest_CropHarvest
VAL_0034,Stratum_0,0,0,1.0,27.45238,103.25,NASA_Harvest_CropHarvest
VAL_0035,Stratum_0,0,0,1.0,29.45238,102.25,NASA_Harvest_CropHarvest
VAL_0036,Stratum_0,0,0,1.0,29.95238,101.75,NASA_Harvest_CropHarvest
VAL_0037,Stratum_0,0,0,1.0,30.95238,101.75,NASA_Harvest_CropHarvest
VAL_0038,Stratum_0,0,0,1.0,28.95238,101.75,NASA_Harvest_CropHarvest
VAL_0039,Stratum_0,0,0,1.0,30.95238,100.75,NASA_Harvest_CropHarvest
VAL_0040,Stratum_0,0,0,1.0,27.45238,102.75,NASA_Harvest_CropHarvest
VAL_0041,Stratum_0,0,0,1.0,30.45238,100.75,NASA_Harvest_CropHarvest
VAL_0042,Stratum_0,0,0,1.0,27.45238,100.75,NASA_Harvest_CropHarvest
VAL_0043,Stratum_1,1,0,1.0,29.45238,100.75,NASA_Harvest_CropHarvest
VAL_0044,Stratum_0,0,0,1.0,29.45238,101.75,NASA_Harvest_CropHarvest
VAL_0045,Stratum_0,0,0,1.0,30.95238,102.25,NASA_Harvest_CropHarvest
VAL_0046,Stratum_0,0,0,1.0,30.95238,101.25,NASA_Harvest_CropHarvest
VAL_0047,Stratum_0,0,0,1.0,28.95238,101.25,NASA_Harvest_CropHarvest
VAL_0048,Stratum_0,0,0,1.0,29.95238,101.25,NASA_Harvest_CropHarvest
VAL_0049,Stratum_0,0,0,1.0,29.25,100.95238,NASA_Harvest_CropHarvest
VAL_0050,Stratum_0,0,0,1.0,31.25,102.95238,NASA_Harvest_CropHarvest
VAL_0051,Stratum_0,0,0,1.0,30.25,101.95238,NASA_Harvest_CropHarvest
VAL_0052,Stratum_0,0,0,1.0,31.25,100.95238,NASA_Harvest_CropHarvest
VAL_0053,Stratum_0,0,0,1.0,28.25,101.95238,NASA_Harvest_CropHarvest
VAL_0054,Stratum_0,0,0,1.0,29.25,101.95238,NASA_Harvest_CropHarvest
VAL_0055,Stratum_0,0,0,1.0,30.65179,101.5506,NASA_Harvest_CropHarvest
VAL_0056,Stratum_0,0,0,1.0,27.45238,101.75,NASA_Harvest_CropHarvest
VAL_0057,Stratum_0,0,0,1.0,29.95238,103.25,NASA_Harvest_CropHarvest
VAL_0058,Stratum_0,0,0,1.0,30.95238,104.25,NASA_Harvest_CropHarvest
VAL_0059,Stratum_1,1,0,1.0,31.15179,100.45238,NASA_Harvest_CropHarvest
VAL_0060,Stratum_0,0,0,1.0,28.15179,103.45238,NASA_Harvest_CropHarvest
VAL_0061,Stratum_1,1,1,1.0,31.25,108.95238,NASA_Harvest_CropHarvest
VAL_0062,Stratum_1,1,1,1.0,26.45238,100.25,NASA_Harvest_CropHarvest
VAL_0063,Stratum_0,0,0,1.0,31.95238,99.25,NASA_Harvest_CropHarvest
VAL_0064,Stratum_1,1,1,1.0,26.65179,107.95238,NASA_Harvest_CropHarvest
VAL_0065,Stratum_0,0,0,1.0,29.45238,98.75,NASA_Harvest_CropHarvest
VAL_0066,Stratum_0,0,0,1.0,26.95238,100.25,NASA_Harvest_CropHarvest
VAL_0067,Stratum_0,0,0,1.0,31.25,109.95238,NASA_Harvest_CropHarvest
VAL_0068,Stratum_1,1,1,1.0,31.15179,109.15179,NASA_Harvest_CropHarvest
VAL_0069,Stratum_1,1,1,1.0,29.95238,108.75,NASA_Harvest_CropHarvest
VAL_0070,Stratum_0,0,0,1.0,31.65179,99.95238,NASA_Harvest_CropHarvest
VAL_0071,Stratum_0,0,0,1.0,28.65179,108.95238,NASA_Harvest_CropHarvest
VAL_0072,Stratum_0,0,0,1.0,30.95238,100.25,NASA_Harvest_CropHarvest
VAL_0073,Stratum_1,1,0,1.0,27.25,108.65179,NASA_Harvest_CropHarvest
VAL_0074,Stratum_0,0,0,1.0,31.95238,109.25,NASA_Harvest_CropHarvest
VAL_0075,Stratum_1,1,1,1.0,30.65179,106.5506,NASA_Harvest_CropHarvest
VAL_0076,Stratum_0,0,0,1.0,26.65179,99.5506,NASA_Harvest_CropHarvest
VAL_0077,Stratum_0,0,0,1.0,32.25,99.95238,NASA_Harvest_CropHarvest
VAL_0078,Stratum_1,1,1,1.0,31.95238,106.75,NASA_Harvest_CropHarvest
VAL_0079,Stratum_0,0,0,1.0,33.95238,100.25,NASA_Harvest_CropHarvest
VAL_0080,Stratum_1,1,1,1.0,28.95238,108.25,NASA_Harvest_CropHarvest
