point_id,label,crop_name,doy_3,doy_6,doy_9
P0001,0,非耕地,-0.4559,-0.481,-0.4837
P0002,0,非耕地,-0.4992,-0.4896,-0.4857
P0003,0,非耕地,-0.8993,-0.8994,-0.9093
P0004,0,非耕地,-0.6011,-0.6102,-0.6229
P0005,0,非耕地,-0.5686,-0.5556,-0.5156
P0006,0,非耕地,-0.1196,-0.2261,-0.2694
P0007,0,非耕地,-0.4706,-1.0,-1.0
P0008,0,非耕地,-0.6332,-0.6778,-0.6948
P0009,0,非耕地,-0.6499,-0.7708,-0.885
P0010,0,非耕地,-0.6167,-0.602,-0.6057
P0011,0,非耕地,-0.3825,-0.4304,-0.4664
P0012,0,非耕地,-0.4726,-0.471,-0.4185
P0013,0,非耕地,-0.7671,-0.8574,-0.9448
P0014,0,非耕地,-0.6582,-0.661,-0.6612
P0015,0,非耕地,-0.5325,-0.5024,-0.5185
P0016,0,非耕地,-0.8519,-0.8957,-0.9206
P0017,0,非耕地,-0.4815,-0.4739,-0.4747
P0018,0,非耕地,-0.7419,-0.697,-0.6774
P0019,0,非耕地,-0.3544,-0.3709,-0.3753
P0020,0,非耕地,-0.4226,-0.4399,-0.4514
P0021,0,非耕地,-0.6294,-0.6238,-0.5987
P0022,0,非耕地,-0.8182,-0.6923,-0.8182
P0023,0,非耕地,-0.8974,-0.9024,-0.8421
P0024,0,非耕地,-0.7568,-0.699,-0.6867
P0025,0,非耕地,-0.8519,-0.8,-0.75
P0026,0,非耕地,-0.4469,-0.4529,-0.4601
P0027,0,非耕地,-0.2377,-0.2242,-0.2214
P0028,0,非耕地,-0.5327,-0.5485,-0.5619
P0029,0,非耕地,-0.4573,-0.4106,-0.379
P0030,0,非耕地,-0.684,-0.6817,-0.6929
P0031,0,非耕地,-0.84,-0.8214,-0.8621
P0032,0,非耕地,-0.5021,-0.5164,-0.5222
P0033,0,非耕地,-0.6835,-0.6794,-0.6777
P0034,0,非耕地,-0.7131,-0.7,-0.6943
P0035,0,非耕地,-0.5897,-0.6569,-0.673
P0036,0,非耕地,-0.9914,-0.9482,-0.8837
P0037,0,非耕地,-0.9885,-0.9936,-0.9927
P0038,0,非耕地,-0.3904,-0.3979,-0.4033
P0039,0,非耕地,-0.9375,-0.8065,-0.8
P0040,0,非耕地,-0.6645,-0.6622,-0.6712
P0041,0,非耕地,-0.9947,-1.0,-1.0
P0042,0,非耕地,-0.64,-1.0,-1.0
P0043,0,非耕地,-0.9935,-1.0,-0.9857
P0044,0,非耕地,-0.4943,-0.482,-0.4593
P0045,0,非耕地,-0.72,-0.7645,-0.7883
P0046,0,非耕地,-0.9115,-0.9104,-0.9227
P0047,0,非耕地,-0.7095,-0.7063,-0.706
P0048,0,非耕地,-0.8519,-1.0,-0.6667
P0049,0,非耕地,-0.6587,-0.6942,-0.7345
P0050,0,非耕地,-0.5707,-0.585,-0.6074
P0051,0,非耕地,-0.5652,-0.8125,-0.7931
P0052,0,非耕地,-0.5556,-0.5657,-0.5632
P0053,0,非耕地,-0.8394,-0.8992,-0.9726
P0054,0,非耕地,-0.7763,-0.8768,-0.9577
P0055,0,非耕地,-0.9873,-1.0,-1.0
P0056,0,非耕地,-0.7015,-0.6267,-0.6176
P0057,0,非耕地,-0.9193,-0.8704,-0.8103
P0058,0,非耕地,-0.4052,-0.5455,-0.656
P0059,0,非耕地,-0.0883,-0.082,-0.0784
P0060,0,非耕地,-0.9799,-0.9318,-0.8921
P0061,0,非耕地,-0.6409,-0.6705,-0.6984
P0062,0,非耕地,-0.5821,-0.5263,-0.5362
P0063,0,非耕地,-0.6125,-0.5961,-0.6069
P0064,0,非耕地,-0.8919,-0.8537,-0.85
P0065,0,非耕地,-0.3657,-0.437,-0.5268
P0066,0,非耕地,-0.7377,-0.6863,-0.7391
P0067,0,非耕地,-0.6356,-0.6477,-0.7055
P0068,0,非耕地,-0.9645,-0.9538,-0.9578
P0069,0,非耕地,-0.4936,-0.512,-0.5313
P0070,0,非耕地,-0.9713,-0.9679,-0.9817
P0071,0,非耕地,-0.4801,-0.4475,-0.4225
P0072,0,非耕地,-0.6441,-0.7472,-0.7294
P0073,0,非耕地,-0.9512,-1.0,-1.0
P0074,0,非耕地,-0.0238,-0.0155,-0.0021
P0075,0,非耕地,-0.8621,-1.0,-0.6
P0076,0,非耕地,-0.4426,-0.4507,-0.4545
P0077,0,非耕地,-0.7925,-0.7931,-0.7939
P0078,0,非耕地,-0.6069,-0.6349,-0.646
P0079,0,非耕地,-0.7143,-1.0,-1.0
P0080,0,非耕地,-0.8355,-0.9345,-0.9427
P0081,0,非耕地,-0.2749,-0.2495,-0.2825
P0082,0,非耕地,-0.75,-0.7754,-0.7462
P0083,0,非耕地,-0.8478,-0.8677,-0.8347
P0084,0,非耕地,-0.4922,-0.4783,-0.4384
P0085,0,非耕地,-0.4922,-0.4504,-0.4321
P0086,0,非耕地,-0.6362,-0.6415,-0.657
P0087,0,非耕地,-0.7189,-0.7698,-0.7988
P0088,0,非耕地,-0.9091,-1.0,-0.9355
P0089,0,非耕地,-0.8416,-0.9086,-0.9059
P0090,0,非耕地,-0.2684,-0.2429,-0.2274
P0091,0,非耕地,-0.7886,-0.8168,-0.8395
P0092,0,非耕地,-0.417,-0.4234,-0.4288
P0093,0,非耕地,-0.459,-0.4664,-0.4736
P0094,0,非耕地,-0.4293,-0.4577,-0.4957
P0095,0,非耕地,-0.9688,-1.0,-0.9615
P0096,0,非耕地,-0.9921,-0.9703,-0.9527
P0097,0,非耕地,-0.9274,-0.9207,-0.9085
P0098,0,非耕地,-0.6023,-0.5985,-0.6011
P0099,0,非耕地,-0.5413,-0.5136,-0.5178
P0100,0,非耕地,-0.5864,-0.561,-0.5336
P0101,0,非耕地,-0.934,-0.9132,-0.9041
P0102,0,非耕地,-0.9098,-0.8857,-0.8609
P0103,0,非耕地,-0.9,-1.0,-0.9259
P0104,0,非耕地,-0.975,-0.9459,-0.8378
P0105,0,非耕地,-0.6984,-0.6034,-0.528
P0106,0,非耕地,-0.2168,-0.2288,-0.2474
P0107,0,非耕地,-0.3753,-0.4193,-0.4558
P0108,0,非耕地,-0.5652,-1.0,-1.0
P0109,0,非耕地,-0.7456,-0.8459,-0.9315
P0110,0,非耕地,-0.7849,-0.7778,-0.7048
P0111,0,非耕地,-0.7538,-0.6812,-0.6667
P0112,0,非耕地,-0.6049,-0.63,-0.6619
P0113,0,非耕地,-0.6348,-0.6766,-0.7097
P0114,0,非耕地,-0.7106,-0.7708,-0.7992
P0115,0,非耕地,-0.6909,-0.7487,-0.779
P0116,0,非耕地,-0.852,-0.8981,-0.8992
P0117,0,非耕地,-0.6494,-0.6734,-0.695
P0118,0,非耕地,-0.4634,-0.4933,-0.5139
P0119,0,非耕地,-0.8229,-0.822,-0.8155
P0120,0,非耕地,-0.6714,-0.7873,-0.896
P0121,0,非耕地,-0.3041,-0.3347,-0.365
P0122,0,非耕地,-0.5985,-0.5812,-0.5935
P0123,0,非耕地,-0.3967,-0.368,-0.3174
P0124,0,非耕地,-0.8378,-0.9375,-0.9583
P0125,0,非耕地,-0.1826,-0.1723,-0.165
P0126,0,非耕地,-0.9048,-0.8049,-0.8947
P0127,0,非耕地,-0.5301,-0.4179,-0.2814
P0128,0,非耕地,-0.6938,-0.6827,-0.6635
P0129,0,非耕地,-0.9209,-0.9106,-0.9005
P0130,0,非耕地,-0.9468,-0.9383,-0.9262
P0131,0,非耕地,-0.8782,-0.9359,-0.8828
P0132,0,非耕地,-0.5435,-0.5569,-0.5563
P0133,0,非耕地,-0.8498,-0.8531,-0.8365
P0134,0,非耕地,-0.8353,-0.9338,-1.0
P0135,0,非耕地,-0.6988,-0.701,-0.6725
P0136,0,非耕地,-0.6018,-0.6154,-0.6307
P0137,0,非耕地,-0.7774,-0.8652,-0.9343
P0138,0,非耕地,-0.9926,-0.9736,-0.9606
P0139,0,非耕地,-0.4812,-0.4726,-0.4599
P0140,0,非耕地,-0.72,-0.614,-0.6071
P0141,0,非耕地,-0.875,-1.0,-1.0
P0142,0,非耕地,-0.606,-0.6007,-0.6239
P0143,0,非耕地,-0.9588,-0.9749,-0.9415
P0144,0,非耕地,-0.568,-0.6577,-0.7425
P0145,0,非耕地,-0.9811,-1.0,-0.9794
P0146,0,非耕地,-0.5045,-0.6741,-0.7358
P0147,0,非耕地,-0.6164,-0.5443,-0.52
P0148,0,非耕地,-0.5355,-0.5713,-0.5906
P0149,0,非耕地,-0.8608,-0.8026,-0.7987
P0150,0,非耕地,-0.6004,-0.5974,-0.6089
P0151,0,非耕地,0.8663,0.8625,0.86
P0152,0,非耕地,0.7911,0.8004,0.8036
P0153,0,非耕地,0.697,0.7026,0.7068
P0154,0,非耕地,0.7693,0.7647,0.7627
P0155,0,非耕地,0.9162,0.9136,0.9036
P0156,0,非耕地,0.8678,0.8637,0.87
P0157,0,非耕地,0.7143,0.7122,0.7125
P0158,0,非耕地,0.7796,0.7842,0.7853
P0159,0,非耕地,0.9318,0.9422,0.9437
P0160,0,非耕地,0.8467,0.8471,0.8445
P0161,0,非耕地,0.9153,0.9352,0.91
P0162,0,非耕地,0.7162,0.7189,0.7065
P0163,0,非耕地,0.7716,0.7733,0.7753
P0164,0,非耕地,0.659,0.6607,0.6675
P0165,0,非耕地,0.8795,0.8815,0.8867
P0166,0,非耕地,0.8081,0.8015,0.795
P0167,0,非耕地,0.7161,0.7278,0.7346
P0168,0,非耕地,0.8603,0.8597,0.8576
P0169,0,非耕地,0.8492,0.8499,0.8473
P0170,0,非耕地,0.8343,0.835,0.8344
P0171,0,非耕地,0.827,0.8277,0.8312
P0172,0,非耕地,0.8473,0.8502,0.8388
P0173,0,非耕地,0.6775,0.6776,0.6764
P0174,0,非耕地,0.7844,0.7736,0.772
P0175,0,非耕地,0.9162,0.922,0.9254
P0176,0,非耕地,0.8089,0.8117,0.8134
P0177,0,非耕地,0.9036,0.9077,0.8882
P0178,0,非耕地,0.7912,0.7946,0.795
P0179,0,非耕地,0.7171,0.722,0.7167
P0180,0,非耕地,0.7411,0.7337,0.739
P0181,0,非耕地,0.8233,0.824,0.8226
P0182,0,非耕地,0.8818,0.884,0.8866
P0183,0,非耕地,0.7686,0.7529,0.7502
P0184,0,非耕地,0.8266,0.8321,0.8347
P0185,0,非耕地,0.6779,0.6779,0.6794
P0186,0,非耕地,0.8727,0.8578,0.8408
P0187,0,非耕地,0.6903,0.6912,0.6828
P0188,0,非耕地,0.6805,0.6814,0.6796
P0189,0,非耕地,0.7481,0.7455,0.742
P0190,0,非耕地,0.9344,0.9481,0.8971
P0191,0,非耕地,0.7481,0.749,0.7459
P0192,0,非耕地,0.86,0.8655,0.8668
P0193,0,非耕地,0.6938,0.7071,0.719
P0194,0,非耕地,0.8649,0.8596,0.8614
P0195,0,非耕地,0.8024,0.8046,0.8007
P0196,0,非耕地,0.8833,0.884,0.8838
P0197,0,非耕地,0.8581,0.8541,0.8554
P0198,0,非耕地,0.8056,0.8039,0.8015
P0199,0,非耕地,0.8089,0.8055,0.8028
P0200,0,非耕地,0.9182,0.9237,0.9262
P0201,0,非耕地,0.9293,0.9369,0.932
P0202,0,非耕地,0.8409,0.8416,0.84
P0203,0,非耕地,0.7439,0.7475,0.7496
P0204,0,非耕地,0.9,0.9043,0.9109
P0205,0,非耕地,0.7097,0.7073,0.6947
P0206,0,非耕地,0.8919,0.8922,0.892
P0207,0,非耕地,0.8039,0.8035,0.803
P0208,0,非耕地,0.7216,0.7346,0.7534
P0209,0,非耕地,0.7463,0.7457,0.7449
P0210,0,非耕地,0.8483,0.848,0.8489
P0211,0,非耕地,0.8856,0.8924,0.889
P0212,0,非耕地,0.6755,0.6705,0.6672
P0213,0,非耕地,0.8037,0.8004,0.7964
P0214,0,非耕地,0.8885,0.8898,0.89
P0215,0,非耕地,0.9201,0.9194,0.9264
P0216,0,非耕地,0.76,0.7557,0.7489
P0217,0,非耕地,0.7631,0.7634,0.7635
P0218,0,非耕地,0.8992,0.9013,0.902
P0219,0,非耕地,0.6597,0.6676,0.6681
P0220,0,非耕地,0.9146,0.9177,0.9189
P0221,0,非耕地,0.8723,0.8803,0.8799
P0222,0,非耕地,0.9034,0.9037,0.9004
P0223,0,非耕地,0.9505,0.9546,0.9482
P0224,0,非耕地,0.8255,0.8249,0.8269
P0225,0,非耕地,0.881,0.8901,0.8986
P0226,0,非耕地,0.6652,0.664,0.6559
P0227,0,非耕地,0.9178,0.918,0.9178
P0228,0,非耕地,0.7351,0.7287,0.7205
P0229,0,非耕地,0.6581,0.6462,0.6385
P0230,0,非耕地,0.758,0.7588,0.7562
P0231,0,非耕地,0.8952,0.8973,0.8975
P0232,0,非耕地,0.8243,0.8227,0.8199
P0233,0,非耕地,0.8719,0.8742,0.8737
P0234,0,非耕地,0.6542,0.6532,0.6553
P0235,0,非耕地,0.8731,0.8799,0.8829
P0236,0,非耕地,0.8593,0.8573,0.8559
P0237,0,非耕地,0.7184,0.7194,0.7217
P0238,0,非耕地,0.833,0.8329,0.8353
P0239,0,非耕地,0.8541,0.858,0.8581
P0240,0,非耕地,0.8652,0.8703,0.8723
P0241,0,非耕地,0.911,0.9085,0.905
P0242,0,非耕地,0.8455,0.8464,0.846
P0243,0,非耕地,0.8972,0.8971,0.8969
P0244,0,非耕地,0.749,0.7402,0.7469
P0245,0,非耕地,0.7153,0.7168,0.7212
P0246,0,非耕地,0.8713,0.871,0.8692
P0247,0,非耕地,0.7805,0.7796,0.7759
P0248,0,非耕地,0.8272,0.8031,0.8115
P0249,0,非耕地,0.8349,0.8352,0.8309
P0250,0,非耕地,0.7508,0.7546,0.7594
P0251,0,非耕地,0.9417,0.9556,0.9668
P0252,0,非耕地,0.8175,0.8199,0.8224
P0253,0,非耕地,0.6924,0.704,0.7088
P0254,0,非耕地,0.7645,0.7651,0.7666
P0255,0,非耕地,0.863,0.8667,0.8733
P0256,0,非耕地,0.7887,0.7816,0.7981
P0257,0,非耕地,0.8008,0.8049,0.8083
P0258,0,非耕地,0.864,0.8684,0.868
P0259,0,非耕地,0.8198,0.818,0.8149
P0260,0,非耕地,0.7709,0.7727,0.773
P0261,0,非耕地,0.8435,0.8372,0.8325
P0262,0,非耕地,0.7505,0.7506,0.7617
P0263,0,非耕地,0.6749,0.6848,0.6855
P0264,0,非耕地,0.7276,0.7346,0.7429
P0265,0,非耕地,0.8846,0.8853,0.8829
P0266,0,非耕地,0.727,0.7315,0.7256
P0267,0,非耕地,0.6967,0.6992,0.6965
P0268,0,非耕地,0.8677,0.8701,0.8689
P0269,0,非耕地,0.7674,0.762,0.76
P0270,0,非耕地,0.789,0.7877,0.7899
P0271,0,非耕地,0.7594,0.7549,0.7503
P0272,0,非耕地,0.8529,0.8536,0.8544
P0273,0,非耕地,0.8583,0.8616,0.8613
P0274,0,非耕地,0.7518,0.7586,0.7605
P0275,0,非耕地,0.9141,0.9226,0.928
P0276,0,非耕地,0.9113,0.9129,0.9138
P0277,0,非耕地,0.8847,0.8947,0.8999
P0278,0,非耕地,0.6847,0.6886,0.6947
P0279,0,非耕地,0.8494,0.849,0.8486
P0280,0,非耕地,0.7161,0.7281,0.7403
P0281,0,非耕地,0.7637,0.7608,0.758
P0282,0,非耕地,0.6631,0.656,0.6575
P0283,0,非耕地,0.8135,0.813,0.8078
P0284,0,非耕地,0.7975,0.8065,0.8119
P0285,0,非耕地,0.8651,0.8746,0.8773
P0286,0,非耕地,0.7766,0.7753,0.7735
P0287,0,非耕地,0.8502,0.8493,0.8436
P0288,0,非耕地,0.8899,0.8901,0.8901
P0289,0,非耕地,0.6915,0.6948,0.7014
P0290,0,非耕地,0.7215,0.7206,0.719
P0291,0,非耕地,0.9062,0.9065,0.9076
P0292,0,非耕地,0.6862,0.6874,0.6935
P0293,0,非耕地,0.6531,0.6591,0.6587
P0294,0,非耕地,0.9176,0.9153,0.9155
P0295,0,非耕地,0.7235,0.7217,0.7194
P0296,0,非耕地,0.8684,0.8615,0.8616
P0297,0,非耕地,0.7106,0.7077,0.7068
P0298,0,非耕地,0.7077,0.7008,0.6981
P0299,0,非耕地,0.8113,0.8042,0.7964
P0300,0,非耕地,0.7435,0.7565,0.7606
P0301,0,非耕地,0.9039,0.9069,0.9127
P0302,0,非耕地,0.8747,0.878,0.8818
P0303,0,非耕地,0.7061,0.7072,0.7082
P0304,0,非耕地,0.7988,0.7998,0.8018
P0305,0,非耕地,0.8666,0.8678,0.8695
P0306,0,非耕地,0.8383,0.8404,0.8422
P0307,0,非耕地,0.6918,0.6903,0.697
P0308,0,非耕地,0.7715,0.7733,0.777
P0309,0,非耕地,0.9529,0.9561,0.9544
P0310,0,非耕地,0.8287,0.8308,0.8335
P0311,0,非耕地,0.9247,0.9248,0.9247
P0312,0,非耕地,0.8707,0.8646,0.8591
P0313,0,非耕地,0.7717,0.7726,0.7735
P0314,0,非耕地,0.8955,0.8979,0.8961
P0315,0,非耕地,0.8108,0.803,0.7689
P0316,0,非耕地,0.7102,0.7104,0.7092
P0317,0,非耕地,0.6572,0.6604,0.6615
P0318,0,非耕地,0.8015,0.8048,0.8033
P0319,0,非耕地,0.8992,0.9128,0.9096
P0320,0,非耕地,0.6765,0.6901,0.7
P0321,0,非耕地,0.816,0.8171,0.8148
P0322,0,非耕地,0.7312,0.7312,0.7296
P0323,0,非耕地,0.7896,0.7879,0.7897
P0324,0,非耕地,0.8374,0.8377,0.834
P0325,0,非耕地,0.7474,0.7539,0.7567
P0326,0,非耕地,0.7213,0.7206,0.7192
P0327,0,非耕地,0.708,0.7078,0.7096
P0328,0,非耕地,0.771,0.7727,0.7757
P0329,0,非耕地,0.8164,0.8191,0.817
P0330,0,非耕地,0.8112,0.814,0.8148
P0331,0,非耕地,0.7296,0.7281,0.7271
P0332,0,非耕地,0.8266,0.8331,0.8345
P0333,0,非耕地,0.8529,0.8553,0.8549
P0334,0,非耕地,0.6918,0.7037,0.7041
P0335,0,非耕地,0.7681,0.7638,0.7585
P0336,0,非耕地,0.8076,0.8064,0.8028
P0337,0,非耕地,0.7338,0.7363,0.7434
P0338,0,非耕地,0.8119,0.8174,0.822
P0339,0,非耕地,0.8575,0.8564,0.8581
P0340,0,非耕地,0.9042,0.9208,0.9239
P0341,0,非耕地,0.688,0.6852,0.6953
P0342,0,非耕地,0.6847,0.6875,0.6902
P0343,0,非耕地,0.6742,0.6727,0.6825
P0344,0,非耕地,0.7949,0.7904,0.7888
P0345,0,非耕地,0.7453,0.7495,0.7502
P0346,0,非耕地,0.8896,0.8898,0.8887
P0347,0,非耕地,0.6561,0.6513,0.6376
P0348,0,非耕地,0.7891,0.7887,0.7746
P0349,0,非耕地,0.9106,0.928,0.9261
P0350,0,非耕地,0.7656,0.7646,0.7592
P0351,0,非耕地,-0.2632,0.0,-1.0
P0352,0,非耕地,0.1732,0.1754,0.1776
P0353,0,非耕地,-0.6774,-0.7455,-0.7647
P0354,0,非耕地,0.1933,0.2032,0.2129
P0355,0,非耕地,0.069,0.0697,0.0681
P0356,0,非耕地,0.122,0.0552,0.0231
P0357,0,非耕地,0.1546,0.1617,0.1702
P0358,0,非耕地,0.1155,0.1162,0.1153
P0359,0,非耕地,0.1971,0.1862,0.1538
P0360,0,非耕地,0.1835,0.1867,0.1861
P0361,0,非耕地,-0.9377,-0.885,-0.7778
P0362,0,非耕地,0.1793,0.1929,0.1995
P0363,0,非耕地,-0.2979,-0.5,-0.8
P0364,0,非耕地,-0.6667,-0.8919,-0.8824
P0365,0,非耕地,-0.7143,-1.0,-1.0
P0366,0,非耕地,-0.7872,-0.8261,-0.7333
P0367,0,非耕地,0.0965,0.0968,0.0961
P0368,0,非耕地,-0.9507,-0.9286,-0.9149
P0369,0,非耕地,-0.9091,-0.8605,-0.7778
P0370,0,非耕地,0.0648,0.0689,0.0757
P0371,0,非耕地,-0.5294,-1.0,-1.0
P0372,0,非耕地,-0.5028,-0.4784,-0.459
P0373,0,非耕地,-0.9341,-0.9156,-0.8863
P0374,0,非耕地,-0.9738,-0.9296,-0.908
P0375,0,非耕地,-0.85,-0.8333,-0.7297
P0376,0,非耕地,-0.9254,-0.9084,-0.8966
P0377,0,非耕地,0.1722,0.1763,0.179
P0378,0,非耕地,-0.9692,-1.0,-1.0
P0379,0,非耕地,-0.913,-0.9333,-0.9375
P0380,0,非耕地,0.1707,0.1724,0.1728
P0381,0,非耕地,0.0348,0.079,0.1053
P0382,0,非耕地,-0.1462,-0.142,-0.1341
P0383,0,非耕地,-0.0245,0.0041,0.0084
P0384,0,非耕地,-0.137,-0.6735,-0.7895
P0385,0,非耕地,0.1925,0.1922,0.1929
P0386,0,非耕地,-0.9896,-0.9781,-0.9708
P0387,0,非耕地,-0.9783,-0.9,-0.8554
P0388,0,非耕地,0.1787,0.185,0.1923
P0389,0,非耕地,-0.0004,0.0039,0.014
P0390,0,非耕地,0.1995,0.2029,0.2021
P0391,0,非耕地,0.15,0.1485,0.1459
P0392,0,非耕地,-0.9737,-0.9636,-0.8571
P0393,0,非耕地,-0.9385,-1.0,-0.9615
P0394,0,非耕地,-0.8582,-0.9106,-0.9429
P0395,0,非耕地,-0.9931,-1.0,-0.9934
P0396,0,非耕地,-0.9122,-0.9362,-0.9509
P0397,0,非耕地,-0.9412,-1.0,-0.9623
P0398,0,非耕地,0.0172,0.0365,0.0639
P0399,0,非耕地,-0.9935,-1.0,-0.9868
P0400,0,非耕地,-0.0612,-0.0354,-0.0119
P0401,0,非耕地,-0.8194,-0.827,-0.8052
P0402,0,非耕地,-0.954,-1.0,-0.9737
P0403,0,非耕地,-0.9862,-0.9451,-0.9018
P0404,0,非耕地,0.0004,0.0008,0.0046
P0405,0,非耕地,0.1912,0.1928,0.1943
P0406,0,非耕地,-0.9862,-0.938,-0.8992
P0407,0,非耕地,0.176,0.1774,0.1783
P0408,0,非耕地,-0.8039,-0.9487,-0.9429
P0409,0,非耕地,-0.881,-0.7971,-0.8253
P0410,0,非耕地,0.0356,0.0353,0.0354
P0411,0,非耕地,0.0791,0.0809,0.0823
P0412,0,非耕地,-0.9672,-1.0,-1.0
P0413,0,非耕地,-0.9107,-0.9339,-0.9314
P0414,0,非耕地,0.1839,0.1937,0.2
P0415,0,非耕地,0.0531,0.0645,0.0698
P0416,0,非耕地,-0.3043,-0.6098,-0.5897
P0417,0,非耕地,-0.9487,-1.0,-0.9512
P0418,0,非耕地,0.1933,0.1952,0.1968
P0419,0,非耕地,-0.9468,-0.9195,-0.9608
P0420,0,非耕地,0.1168,0.126,0.1324
P0421,0,非耕地,-0.9545,-1.0,-1.0
P0422,0,非耕地,-0.9737,-0.9655,-0.9608
P0423,0,非耕地,-0.9834,-0.976,-0.9681
P0424,0,非耕地,-0.8321,-0.8277,-0.7769
P0425,0,非耕地,0.1799,0.1788,0.1781
P0426,0,非耕地,0.0142,0.0145,0.0169
P0427,0,非耕地,0.0145,0.0168,0.023
P0428,0,非耕地,0.0583,0.0593,0.0606
P0429,0,非耕地,-0.3827,-0.6279,-0.4545
P0430,0,非耕地,-0.451,-0.7895,-0.8056
P0431,0,非耕地,-0.9178,-0.9091,-0.8769
P0432,0,非耕地,0.1378,0.163,0.1836
P0433,0,非耕地,-0.931,-0.9048,-0.7778
P0434,0,非耕地,-0.9918,-1.0,-0.989
P0435,0,非耕地,-0.3973,-1.0,-1.0
P0436,0,非耕地,-0.9724,-0.9732,-0.9259
P0437,0,非耕地,0.0627,0.0682,0.0763
P0438,0,非耕地,0.1442,0.1491,0.1545
P0439,0,非耕地,0.0929,0.099,0.0869
P0440,0,非耕地,0.1964,0.1984,0.2029
P0441,0,非耕地,-0.9322,-1.0,-0.8065
P0442,0,非耕地,-0.7717,-0.7559,-0.7451
P0443,0,非耕地,0.0522,0.0516,0.0506
P0444,0,非耕地,0.0955,0.1003,0.1056
P0445,0,非耕地,-0.2174,-1.0,-1.0
P0446,0,非耕地,-0.7,-0.7,-0.68
P0447,0,非耕地,0.0177,0.0653,0.0979
P0448,0,非耕地,0.1552,0.1679,0.1678
P0449,0,非耕地,0.063,0.0728,0.0781
P0450,0,非耕地,0.1752,0.1764,0.1787
P0451,0,非耕地,-0.7727,-0.7021,-0.6889
P0452,0,非耕地,-0.9808,-1.0,-1.0
P0453,0,非耕地,-0.8333,-0.75,-0.8065
P0454,0,非耕地,0.0951,0.0985,0.1017
P0455,0,非耕地,-0.88,-0.8367,-0.8222
P0456,0,非耕地,0.1592,0.1628,0.1648
P0457,0,非耕地,-0.9412,-1.0,-1.0
P0458,0,非耕地,0.1245,0.132,0.1376
P0459,0,非耕地,-0.9241,-0.8913,-0.8677
P0460,0,非耕地,-0.9007,-0.9008,-0.8866
P0461,0,非耕地,-0.9909,-0.9459,-0.9255
P0462,0,非耕地,-0.875,-0.9231,-0.8202
P0463,0,非耕地,-0.9806,-0.9744,-0.9565
P0464,0,非耕地,-0.9108,-0.9342,-0.9399
P0465,0,非耕地,-0.8095,-1.0,-1.0
P0466,0,非耕地,0.0564,0.0589,0.0605
P0467,0,非耕地,-0.8033,-0.9,-0.7368
P0468,0,非耕地,-0.228,-0.2211,-0.2327
P0469,0,非耕地,-0.7143,-0.6316,-0.6216
P0470,0,非耕地,0.1959,0.2047,0.2115
P0471,0,非耕地,-0.8333,-0.7561,-0.814
P0472,0,非耕地,-0.8007,-0.8679,-0.896
P0473,0,非耕地,0.1575,0.1586,0.1598
P0474,0,非耕地,-0.8065,-1.0,-1.0
P0475,0,非耕地,-0.9845,-1.0,-1.0
P0476,0,非耕地,0.1374,0.0855,0.0
P0477,0,非耕地,-0.9583,-1.0,-0.9565
P0478,0,非耕地,-0.9697,-0.9695,-0.8873
P0479,0,非耕地,-0.9841,-0.9619,-0.9149
P0480,0,非耕地,-0.7849,-0.8723,-0.7674
P0481,0,非耕地,0.1696,0.1701,0.1709
P0482,0,非耕地,0.1556,0.1496,0.1473
P0483,0,非耕地,0.1935,0.1952,0.1966
P0484,0,非耕地,-0.033,-0.0297,-0.0278
P0485,0,非耕地,0.1219,0.1471,0.1672
P0486,0,非耕地,-0.4737,-1.0,-1.0
P0487,0,非耕地,0.083,0.0832,0.0831
P0488,0,非耕地,0.1618,0.1654,0.1688
P0489,0,非耕地,-0.6111,-1.0,-1.0
P0490,0,非耕地,0.1818,0.1814,0.1797
P0491,0,非耕地,0.1465,0.1456,0.1545
P0492,0,非耕地,-0.9692,-0.9623,-0.963
P0493,0,非耕地,0.061,0.0631,0.073
P0494,0,非耕地,-0.8919,-0.9556,-0.9512
P0495,0,非耕地,0.0588,0.0693,0.083
P0496,0,非耕地,0.1064,0.11,0.1132
P0497,0,非耕地,0.0835,0.0838,0.0838
P0498,0,非耕地,0.1046,0.1152,0.1238
P0499,0,非耕地,-0.0279,-0.0266,-0.0319
P0500,0,非耕地,0.1749,0.1712,0.1767
P0501,0,非耕地,0.6645,0.6567,0.6445
P0502,0,非耕地,0.5696,0.5765,0.5686
P0503,0,非耕地,0.6954,0.6934,0.6881
P0504,0,非耕地,0.8269,0.8198,0.8133
P0505,0,非耕地,0.936,0.9371,0.9336
P0506,0,非耕地,0.6267,0.6274,0.631
P0507,0,非耕地,0.8483,0.8451,0.8446
P0508,0,非耕地,0.6044,0.6104,0.6143
P0509,0,非耕地,0.6362,0.6259,0.6247
P0510,0,非耕地,0.6678,0.6855,0.6932
P0511,0,非耕地,0.9693,0.978,0.9498
P0512,0,非耕地,0.8711,0.874,0.876
P0513,0,非耕地,0.5916,0.5621,0.5354
P0514,0,非耕地,0.5732,0.5754,0.5708
P0515,0,非耕地,0.7597,0.7769,0.8019
P0516,0,非耕地,0.7624,0.7672,0.7782
P0517,0,非耕地,0.6939,0.6817,0.6745
P0518,0,非耕地,0.7658,0.7666,0.7583
P0519,0,非耕地,0.5337,0.5405,0.5452
P0520,0,非耕地,0.8951,0.8958,0.8939
P0521,0,非耕地,0.6998,0.6987,0.697
P0522,0,非耕地,0.3035,0.2863,0.285
P0523,0,非耕地,0.7139,0.7086,0.7036
P0524,0,非耕地,0.624,0.6188,0.6195
P0525,0,非耕地,0.6102,0.5899,0.5824
P0526,0,非耕地,0.8892,0.8921,0.8919
P0527,0,非耕地,0.6785,0.6769,0.6825
P0528,0,非耕地,0.6476,0.6467,0.6446
P0529,0,非耕地,0.8889,0.8796,0.8632
P0530,0,非耕地,0.4629,0.4647,0.4685
P0531,0,非耕地,0.6276,0.6572,0.661
P0532,0,非耕地,0.7069,0.8161,0.7907
P0533,0,非耕地,0.6591,0.6653,0.6671
P0534,0,非耕地,0.6111,0.6184,0.6205
P0535,0,非耕地,0.8083,0.8053,0.7963
P0536,0,非耕地,0.9322,0.9433,0.9483
P0537,0,非耕地,0.6708,0.6727,0.6722
P0538,0,非耕地,0.737,0.7373,0.7313
P0539,0,非耕地,0.9176,0.9125,0.9079
P0540,0,非耕地,0.7093,0.7068,0.7105
P0541,0,非耕地,0.5199,0.5184,0.5253
P0542,0,非耕地,0.9056,0.9108,0.9072
P0543,0,非耕地,0.7711,0.7735,0.7777
P0544,0,非耕地,0.6229,0.6265,0.6286
P0545,0,非耕地,0.8525,0.8744,0.8722
P0546,0,非耕地,0.8789,0.8796,0.8782
P0547,0,非耕地,0.8061,0.8266,0.822
P0548,0,非耕地,0.7222,0.7247,0.7245
P0549,0,非耕地,0.6829,0.6937,0.6986
P0550,0,非耕地,0.7699,0.7783,0.7813
P0551,0,非耕地,0.8768,0.8766,0.8772
P0552,0,非耕地,0.8895,0.8929,0.8957
P0553,0,非耕地,0.8793,0.8793,0.8758
P0554,0,非耕地,0.6712,0.6651,0.6626
P0555,0,非耕地,0.9251,0.9254,0.9254
P0556,0,非耕地,0.8618,0.8617,0.8612
P0557,0,非耕地,0.5107,0.5187,0.5218
P0558,0,非耕地,0.8493,0.849,0.8485
P0559,0,非耕地,0.3913,0.3863,0.3794
P0560,0,非耕地,0.8867,0.8956,0.8971
P0561,0,非耕地,0.8616,0.868,0.8693
P0562,0,非耕地,0.808,0.8125,0.8146
P0563,0,非耕地,0.893,0.8895,0.8743
P0564,0,非耕地,0.8455,0.8456,0.8454
P0565,0,非耕地,0.7835,0.783,0.7842
P0566,0,非耕地,0.8986,0.8994,0.9018
P0567,0,非耕地,0.6007,0.5996,0.6073
P0568,0,非耕地,0.8465,0.8451,0.8462
P0569,0,非耕地,0.6481,0.6436,0.6409
P0570,0,非耕地,0.8295,0.8275,0.8241
P0571,0,非耕地,0.8373,0.84,0.8427
P0572,0,非耕地,0.8827,0.8895,0.8897
P0573,0,非耕地,0.8013,0.8131,0.818
P0574,0,非耕地,0.7757,0.778,0.7768
P0575,0,非耕地,0.8238,0.8242,0.8254
P0576,0,非耕地,0.7744,0.7667,0.758
P0577,0,非耕地,0.6594,0.6675,0.6745
P0578,0,非耕地,0.7672,0.7649,0.7625
P0579,0,非耕地,0.6364,0.6378,0.6385
P0580,0,非耕地,0.8606,0.8596,0.8552
P0581,0,非耕地,0.8456,0.8441,0.84
P0582,0,非耕地,0.8611,0.8598,0.8529
P0583,0,非耕地,0.6895,0.6936,0.6944
P0584,0,非耕地,0.8423,0.8427,0.8396
P0585,0,非耕地,0.5671,0.595,0.6142
P0586,0,非耕地,0.7597,0.7689,0.7708
P0587,0,非耕地,0.7241,0.7664,0.7778
P0588,0,非耕地,0.6053,0.6029,0.6004
P0589,0,非耕地,0.6482,0.6492,0.6522
P0590,0,非耕地,0.7957,0.7869,0.783
P0591,0,非耕地,0.5539,0.5555,0.5526
P0592,0,非耕地,0.8228,0.8214,0.8235
P0593,0,非耕地,0.8231,0.8123,0.8075
P0594,0,非耕地,0.7592,0.7597,0.761
P0595,0,非耕地,0.861,0.8632,0.8637
P0596,0,非耕地,0.507,0.5277,0.5413
P0597,0,非耕地,0.8162,0.8157,0.8186
P0598,0,非耕地,0.6453,0.6418,0.6384
P0599,0,非耕地,0.8712,0.8712,0.875
P0600,0,非耕地,0.8613,0.8689,0.8435
P0601,0,非耕地,0.893,0.896,0.8997
P0602,0,非耕地,0.8938,0.8704,0.8562
P0603,0,非耕地,0.7429,0.7416,0.7379
P0604,0,非耕地,0.7933,0.7936,0.7945
P0605,0,非耕地,0.8012,0.8002,0.7986
P0606,0,非耕地,0.7995,0.7897,0.7882
P0607,0,非耕地,0.8747,0.8762,0.8771
P0608,0,非耕地,0.7389,0.7509,0.7602
P0609,0,非耕地,0.8336,0.8282,0.8251
P0610,0,非耕地,0.7745,0.8075,0.8265
P0611,0,非耕地,0.7368,0.7364,0.7322
P0612,0,非耕地,0.7334,0.7339,0.7327
P0613,0,非耕地,0.8763,0.8788,0.8785
P0614,0,非耕地,0.8472,0.8182,0.7705
P0615,0,非耕地,0.9182,0.9215,0.9204
P0616,0,非耕地,0.8585,0.8585,0.8575
P0617,0,非耕地,0.8568,0.8667,0.8673
P0618,0,非耕地,0.6864,0.7037,0.7163
P0619,0,非耕地,0.9164,0.9245,0.9293
P0620,0,非耕地,0.6858,0.6537,0.6345
P0621,0,非耕地,0.6972,0.6977,0.6996
P0622,0,非耕地,0.783,0.7853,0.7759
P0623,0,非耕地,0.5463,0.5457,0.541
P0624,0,非耕地,0.8092,0.8056,0.8054
P0625,0,非耕地,0.8852,0.8861,0.8804
P0626,0,非耕地,0.7041,0.7024,0.6988
P0627,0,非耕地,0.8662,0.8643,0.8647
P0628,0,非耕地,0.9261,0.9346,0.942
P0629,0,非耕地,0.8459,0.844,0.8464
P0630,0,非耕地,0.6693,0.6624,0.671
P0631,0,非耕地,0.6739,0.6727,0.6735
P0632,0,非耕地,0.7052,0.7005,0.6969
P0633,0,非耕地,0.6008,0.606,0.6081
P0634,0,非耕地,0.7782,0.7811,0.7883
P0635,0,非耕地,0.5472,0.5451,0.5391
P0636,0,非耕地,0.91,0.908,0.9084
P0637,0,非耕地,0.8799,0.8787,0.8781
P0638,0,非耕地,0.655,0.6603,0.6766
P0639,0,非耕地,0.8012,0.8171,0.8258
P0640,0,非耕地,0.5497,0.5464,0.5505
P0641,0,非耕地,0.8909,0.8817,0.8821
P0642,0,非耕地,0.7615,0.7746,0.7827
P0643,0,非耕地,0.6173,0.6218,0.6208
P0644,0,非耕地,0.8317,0.8352,0.8343
P0645,0,非耕地,0.4462,0.4557,0.4631
P0646,0,非耕地,0.5093,0.4937,0.4935
P0647,0,非耕地,0.8828,0.8848,0.8852
P0648,0,非耕地,0.8615,0.8635,0.8653
P0649,0,非耕地,0.8969,0.9084,0.9109
P0650,0,非耕地,0.8963,0.9043,0.8966
P0651,1,耕地,0.5115,0.5204,0.5358
P0652,1,耕地,0.4613,0.4603,0.4655
P0653,1,耕地,0.5407,0.5268,0.5171
P0654,1,耕地,0.4927,0.5135,0.5368
P0655,1,耕地,0.4669,0.4831,0.4968
P0656,1,耕地,0.5296,0.5282,0.5236
P0657,1,耕地,0.5003,0.485,0.4772
P0658,1,耕地,0.5091,0.5069,0.5044
P0659,1,耕地,0.5654,0.5726,0.5814
P0660,1,耕地,0.5316,0.5267,0.523
P0661,1,耕地,0.4652,0.495,0.531
P0662,1,耕地,0.5587,0.5544,0.5508
P0663,1,耕地,0.5692,0.5688,0.5763
P0664,1,耕地,0.5418,0.5447,0.5481
P0665,1,耕地,0.5478,0.5508,0.5566
P0666,1,耕地,0.5848,0.5834,0.5836
P0667,1,耕地,0.607,0.6083,0.6131
P0668,1,耕地,0.4917,0.511,0.5331
P0669,1,耕地,0.593,0.6001,0.6068
P0670,1,耕地,0.532,0.5297,0.5262
P0671,1,耕地,0.6059,0.5984,0.5958
P0672,1,耕地,0.6099,0.6048,0.6018
P0673,1,耕地,0.5196,0.5362,0.5514
P0674,1,耕地,0.5219,0.5412,0.5646
P0675,1,耕地,0.6329,0.6372,0.6534
P0676,1,耕地,0.5942,0.6013,0.6172
P0677,1,耕地,0.5304,0.5277,0.5326
P0678,1,耕地,0.5327,0.5381,0.547
P0679,1,耕地,0.4721,0.4712,0.4692
P0680,1,耕地,0.6754,0.665,0.6585
P0681,1,耕地,0.4587,0.4713,0.4912
P0682,1,耕地,0.4857,0.4998,0.5135
P0683,1,耕地,0.5369,0.5239,0.5101
P0684,1,耕地,0.5929,0.5948,0.5999
P0685,1,耕地,0.4827,0.4897,0.503
P0686,1,耕地,0.5316,0.5295,0.5283
P0687,1,耕地,0.5811,0.5894,0.5972
P0688,1,耕地,0.5439,0.5743,0.6096
P0689,1,耕地,0.551,0.5608,0.56
P0690,1,耕地,0.6149,0.6202,0.6301
P0691,1,耕地,0.5182,0.5146,0.5105
P0692,1,耕地,0.5759,0.5826,0.5942
P0693,1,耕地,0.4789,0.4828,0.486
P0694,1,耕地,0.4797,0.4831,0.4827
P0695,1,耕地,0.6062,0.6035,0.6012
P0696,1,耕地,0.5328,0.5565,0.5724
P0697,1,耕地,0.5038,0.5306,0.5481
P0698,1,耕地,0.5219,0.5247,0.5337
P0699,1,耕地,0.4701,0.4789,0.4836
P0700,1,耕地,0.5785,0.5795,0.5842
P0701,1,耕地,0.4928,0.4941,0.4961
P0702,1,耕地,0.6231,0.6177,0.6135
P0703,1,耕地,0.4912,0.5072,0.5282
P0704,1,耕地,0.612,0.608,0.6063
P0705,1,耕地,0.5043,0.5061,0.5123
P0706,1,耕地,0.463,0.4677,0.4754
P0707,1,耕地,0.4895,0.494,0.5002
P0708,1,耕地,0.4597,0.4642,0.4712
P0709,1,耕地,0.5403,0.5484,0.5583
P0710,1,耕地,0.4733,0.4893,0.4999
P0711,1,耕地,0.5767,0.5787,0.5802
P0712,1,耕地,0.5438,0.5454,0.5531
P0713,1,耕地,0.4617,0.4918,0.5272
P0714,1,耕地,0.4667,0.4717,0.4811
P0715,1,耕地,0.5593,0.565,0.5683
P0716,1,耕地,0.4537,0.4731,0.4919
P0717,1,耕地,0.5368,0.5372,0.5413
P0718,1,耕地,0.5557,0.5594,0.5587
P0719,1,耕地,0.5378,0.5487,0.56
P0720,1,耕地,0.5957,0.5973,0.597
P0721,1,耕地,0.5038,0.5047,0.5037
P0722,1,耕地,0.5321,0.5376,0.5453
P0723,1,耕地,0.5848,0.5917,0.6013
P0724,1,耕地,0.5648,0.566,0.5666
P0725,1,耕地,0.5268,0.5428,0.5621
P0726,1,耕地,0.5232,0.5025,0.4794
P0727,1,耕地,0.5763,0.5807,0.5891
P0728,1,耕地,0.539,0.5427,0.5509
P0729,1,耕地,0.4591,0.4532,0.4491
P0730,1,耕地,0.4972,0.4928,0.4898
P0731,1,耕地,0.5443,0.5492,0.5552
P0732,1,耕地,0.5608,0.5565,0.5561
P0733,1,耕地,0.5773,0.5748,0.573
P0734,1,耕地,0.5667,0.5694,0.5761
P0735,1,耕地,0.6325,0.6243,0.6218
P0736,1,耕地,0.5639,0.5971,0.6383
P0737,1,耕地,0.5506,0.5559,0.5609
P0738,1,耕地,0.5557,0.5587,0.5645
P0739,1,耕地,0.4835,0.4821,0.4717
P0740,1,耕地,0.5853,0.5779,0.5737
P0741,1,耕地,0.4789,0.4724,0.4668
P0742,1,耕地,0.6364,0.6357,0.6377
P0743,1,耕地,0.49,0.4964,0.5088
P0744,1,耕地,0.5515,0.5581,0.5725
P0745,1,耕地,0.54,0.5401,0.5383
P0746,1,耕地,0.4946,0.5133,0.5331
P0747,1,耕地,0.5686,0.5686,0.5713
P0748,1,耕地,0.537,0.558,0.5876
P0749,1,耕地,0.6026,0.5873,0.5805
P0750,1,耕地,0.532,0.5405,0.556
P0751,1,耕地,0.6317,0.6325,0.6356
P0752,1,耕地,0.576,0.583,0.5796
P0753,1,耕地,0.6207,0.6172,0.6152
P0754,1,耕地,0.4571,0.4532,0.4503
P0755,1,耕地,0.4571,0.4553,0.4545
P0756,1,耕地,0.6415,0.6481,0.6537
P0757,1,耕地,0.4812,0.4596,0.4424
P0758,1,耕地,0.5034,0.5038,0.5113
P0759,1,耕地,0.4674,0.4893,0.5098
P0760,1,耕地,0.5802,0.5925,0.6017
P0761,1,耕地,0.6226,0.6261,0.6317
P0762,1,耕地,0.4911,0.5016,0.5114
P0763,1,耕地,0.4537,0.4691,0.4826
P0764,1,耕地,0.6146,0.6101,0.6043
P0765,1,耕地,0.5976,0.5976,0.5988
P0766,1,耕地,0.4589,0.4693,0.4811
P0767,1,耕地,0.6631,0.67,0.6814
P0768,1,耕地,0.549,0.5557,0.5691
P0769,1,耕地,0.4503,0.45,0.4548
P0770,1,耕地,0.6016,0.5987,0.5981
P0771,1,耕地,0.6084,0.6048,0.6034
P0772,1,耕地,0.4914,0.4969,0.5078
P0773,1,耕地,0.6124,0.6151,0.6223
P0774,1,耕地,0.5193,0.5161,0.5166
P0775,1,耕地,0.6048,0.6027,0.6043
P0776,1,耕地,0.6039,0.6008,0.5989
P0777,1,耕地,0.5231,0.5218,0.5248
P0778,1,耕地,0.5418,0.5544,0.5699
P0779,1,耕地,0.5314,0.5216,0.5119
P0780,1,耕地,0.5129,0.5311,0.5533
P0781,1,耕地,0.5695,0.5697,0.5703
P0782,1,耕地,0.5466,0.5522,0.5628
P0783,1,耕地,0.6269,0.628,0.6283
P0784,1,耕地,0.479,0.4864,0.4923
P0785,1,耕地,0.569,0.5698,0.5747
P0786,1,耕地,0.6258,0.6206,0.6156
P0787,1,耕地,0.5984,0.6019,0.6095
P0788,1,耕地,0.6054,0.6011,0.5934
P0789,1,耕地,0.5482,0.5486,0.5599
P0790,1,耕地,0.5695,0.5654,0.5717
P0791,1,耕地,0.4917,0.4909,0.4881
P0792,1,耕地,0.5386,0.545,0.5508
P0793,1,耕地,0.4703,0.4907,0.5042
P0794,1,耕地,0.464,0.4632,0.463
P0795,1,耕地,0.5468,0.5501,0.5566
P0796,1,耕地,0.5751,0.5801,0.5876
P0797,1,耕地,0.5504,0.5518,0.5544
P0798,1,耕地,0.5205,0.5391,0.5552
P0799,1,耕地,0.6715,0.6724,0.6744
P0800,1,耕地,0.484,0.4878,0.4903
P0801,1,耕地,0.53,0.5179,0.5093
P0802,1,耕地,0.4516,0.4745,0.4964
P0803,1,耕地,0.5256,0.5386,0.556
P0804,1,耕地,0.5545,0.5509,0.5523
P0805,1,耕地,0.5669,0.5712,0.578
P0806,1,耕地,0.5986,0.5912,0.5895
P0807,1,耕地,0.5368,0.5423,0.5535
P0808,1,耕地,0.5815,0.5773,0.5741
P0809,1,耕地,0.5215,0.5155,0.5119
P0810,1,耕地,0.4702,0.4739,0.4846
P0811,1,耕地,0.6104,0.6139,0.6184
P0812,1,耕地,0.5405,0.5589,0.5838
P0813,1,耕地,0.5919,0.5909,0.5912
P0814,1,耕地,0.5776,0.5753,0.5764
P0815,1,耕地,0.5652,0.5599,0.5559
P0816,1,耕地,0.4704,0.4888,0.5089
P0817,1,耕地,0.6089,0.6144,0.6173
P0818,1,耕地,0.4503,0.4498,0.4528
P0819,1,耕地,0.5126,0.5359,0.568
P0820,1,耕地,0.5305,0.5255,0.5192
P0821,1,耕地,0.5326,0.5397,0.5522
P0822,1,耕地,0.6572,0.6629,0.6702
P0823,1,耕地,0.6546,0.6511,0.6582
P0824,1,耕地,0.5607,0.559,0.5607
P0825,1,耕地,0.4562,0.4602,0.4642
P0826,1,耕地,0.5297,0.526,0.515
P0827,1,耕地,0.5292,0.5367,0.5399
P0828,1,耕地,0.5918,0.5889,0.5851
P0829,1,耕地,0.4717,0.4819,0.4957
P0830,1,耕地,0.6448,0.6458,0.6467
P0831,1,耕地,0.4943,0.4931,0.4849
P0832,1,耕地,0.5733,0.5721,0.5708
P0833,1,耕地,0.4782,0.4738,0.4682
P0834,1,耕地,0.5701,0.571,0.5752
P0835,1,耕地,0.6188,0.6114,0.606
P0836,1,耕地,0.607,0.6137,0.6184
P0837,1,耕地,0.5999,0.5969,0.5959
P0838,1,耕地,0.5541,0.5678,0.578
P0839,1,耕地,0.54,0.5411,0.5437
P0840,1,耕地,0.4576,0.4482,0.4393
P0841,1,耕地,0.488,0.488,0.4901
P0842,1,耕地,0.6317,0.6382,0.643
P0843,1,耕地,0.5881,0.588,0.5881
P0844,1,耕地,0.6573,0.6552,0.6581
P0845,1,耕地,0.5719,0.571,0.5737
P0846,1,耕地,0.5464,0.5548,0.5744
P0847,1,耕地,0.5056,0.5039,0.5138
P0848,1,耕地,0.5291,0.5322,0.5373
P0849,1,耕地,0.5605,0.5818,0.604
P0850,1,耕地,0.477,0.4803,0.4965
P0851,1,耕地,0.4576,0.4664,0.4763
P0852,1,耕地,0.5085,0.4876,0.4697
P0853,1,耕地,0.4823,0.4823,0.482
P0854,1,耕地,0.5821,0.5866,0.5909
P0855,1,耕地,0.4759,0.4852,0.5002
P0856,1,耕地,0.5629,0.5589,0.553
P0857,1,耕地,0.4817,0.4811,0.4854
P0858,1,耕地,0.4588,0.4602,0.4614
P0859,1,耕地,0.5158,0.5228,0.5267
P0860,1,耕地,0.5966,0.5922,0.5891
P0861,1,耕地,0.5554,0.554,0.551
P0862,1,耕地,0.4943,0.492,0.4896
P0863,1,耕地,0.5004,0.5006,0.5015
P0864,1,耕地,0.5942,0.5973,0.603
P0865,1,耕地,0.5878,0.5943,0.5991
P0866,1,耕地,0.5297,0.5385,0.553
P0867,1,耕地,0.5488,0.5559,0.5712
P0868,1,耕地,0.5713,0.5656,0.5619
P0869,1,耕地,0.5022,0.5068,0.5096
P0870,1,耕地,0.5066,0.5043,0.5111
P0871,1,耕地,0.5653,0.5678,0.5702
P0872,1,耕地,0.6419,0.6423,0.6412
P0873,1,耕地,0.5031,0.5,0.5016
P0874,1,耕地,0.5782,0.579,0.5797
P0875,1,耕地,0.5801,0.5842,0.588
P0876,1,耕地,0.4926,0.4931,0.4998
P0877,1,耕地,0.4878,0.4966,0.5109
P0878,1,耕地,0.5888,0.5906,0.5931
P0879,1,耕地,0.5465,0.5464,0.5512
P0880,1,耕地,0.6188,0.6179,0.6199
P0881,1,耕地,0.4998,0.4962,0.4951
P0882,1,耕地,0.4961,0.494,0.4919
P0883,1,耕地,0.5284,0.5388,0.5448
P0884,1,耕地,0.5441,0.5415,0.5388
P0885,1,耕地,0.5024,0.5069,0.51
P0886,1,耕地,0.6026,0.6018,0.6029
P0887,1,耕地,0.5282,0.5217,0.5162
P0888,1,耕地,0.5668,0.5656,0.5651
P0889,1,耕地,0.4616,0.4575,0.4554
P0890,1,耕地,0.4883,0.4875,0.4883
P0891,1,耕地,0.5779,0.5817,0.5954
P0892,1,耕地,0.6353,0.63,0.6261
P0893,1,耕地,0.6069,0.6064,0.6053
P0894,1,耕地,0.6136,0.6164,0.619
P0895,1,耕地,0.4581,0.458,0.4627
P0896,1,耕地,0.5415,0.5463,0.5498
P0897,1,耕地,0.6253,0.6254,0.6254
P0898,1,耕地,0.5404,0.5239,0.5137
P0899,1,耕地,0.4955,0.4921,0.4907
P0900,1,耕地,0.5005,0.4861,0.4747
P0901,1,耕地,0.528,0.5364,0.5479
P0902,1,耕地,0.5143,0.5155,0.5219
P0903,1,耕地,0.6204,0.629,0.6252
P0904,1,耕地,0.5063,0.497,0.4939
P0905,1,耕地,0.5476,0.5465,0.5522
P0906,1,耕地,0.6028,0.6007,0.6035
P0907,1,耕地,0.532,0.5362,0.5377
P0908,1,耕地,0.5084,0.4922,0.4771
P0909,1,耕地,0.5396,0.5421,0.5431
P0910,1,耕地,0.4516,0.454,0.4588
P0911,1,耕地,0.4993,0.5134,0.5342
P0912,1,耕地,0.4642,0.4801,0.499
P0913,1,耕地,0.5112,0.5085,0.5075
P0914,1,耕地,0.5989,0.5967,0.5968
P0915,1,耕地,0.4925,0.4984,0.5016
P0916,1,耕地,0.4659,0.4895,0.5076
P0917,1,耕地,0.4846,0.4789,0.4733
P0918,1,耕地,0.4777,0.4704,0.4679
P0919,1,耕地,0.5559,0.5606,0.5684
P0920,1,耕地,0.4992,0.5033,0.5105
P0921,1,耕地,0.5541,0.5564,0.5599
P0922,1,耕地,0.5156,0.5135,0.5149
P0923,1,耕地,0.6203,0.6185,0.6221
P0924,1,耕地,0.5377,0.5503,0.5635
P0925,1,耕地,0.5185,0.5312,0.5413
P0926,1,耕地,0.4602,0.4678,0.4779
P0927,1,耕地,0.5158,0.5147,0.5136
P0928,1,耕地,0.6129,0.6196,0.6313
P0929,1,耕地,0.454,0.4669,0.481
P0930,1,耕地,0.4605,0.4706,0.4802
P0931,1,耕地,0.4993,0.4975,0.4979
P0932,1,耕地,0.4897,0.4982,0.5042
P0933,1,耕地,0.4765,0.4468,0.4251
P0934,1,耕地,0.5322,0.5304,0.5296
P0935,1,耕地,0.6313,0.6337,0.6372
P0936,1,耕地,0.5649,0.5779,0.5888
P0937,1,耕地,0.5472,0.5494,0.5619
P0938,1,耕地,0.5717,0.5709,0.573
P0939,1,耕地,0.5947,0.6033,0.6139
P0940,1,耕地,0.5714,0.5744,0.5767
P0941,1,耕地,0.5944,0.587,0.5804
P0942,1,耕地,0.4988,0.4965,0.5049
P0943,1,耕地,0.5319,0.5369,0.549
P0944,1,耕地,0.5334,0.5316,0.5346
P0945,1,耕地,0.5497,0.5492,0.5523
P0946,1,耕地,0.478,0.4918,0.5086
P0947,1,耕地,0.6132,0.613,0.6169
P0948,1,耕地,0.5679,0.566,0.5658
P0949,1,耕地,0.588,0.5927,0.599
P0950,1,耕地,0.6095,0.601,0.5941
P0951,1,耕地,0.5302,0.5334,0.5367
P0952,1,耕地,0.5762,0.5711,0.5747
P0953,1,耕地,0.4605,0.4682,0.4779
P0954,1,耕地,0.5311,0.5337,0.5398
P0955,1,耕地,0.4943,0.4971,0.4994
P0956,1,耕地,0.4957,0.496,0.5028
P0957,1,耕地,0.531,0.5413,0.5541
P0958,1,耕地,0.6068,0.597,0.5887
P0959,1,耕地,0.5452,0.5403,0.5351
P0960,1,耕地,0.5377,0.5525,0.5655
P0961,1,耕地,0.5241,0.545,0.5567
P0962,1,耕地,0.5317,0.5395,0.5517
P0963,1,耕地,0.5219,0.5229,0.5218
P0964,1,耕地,0.5631,0.567,0.5783
P0965,1,耕地,0.5256,0.5287,0.5256
P0966,1,耕地,0.603,0.6029,0.605
P0967,1,耕地,0.5681,0.5703,0.5746
P0968,1,耕地,0.6093,0.6053,0.5972
P0969,1,耕地,0.5809,0.574,0.5761
P0970,1,耕地,0.4771,0.4897,0.5102
P0971,1,耕地,0.5237,0.5197,0.515
P0972,1,耕地,0.4618,0.4785,0.4869
P0973,1,耕地,0.5941,0.5873,0.5812
P0974,1,耕地,0.4665,0.4715,0.4742
P0975,1,耕地,0.5686,0.5656,0.5661
P0976,1,耕地,0.5561,0.5553,0.5544
P0977,1,耕地,0.5245,0.5311,0.5373
P0978,1,耕地,0.5571,0.5629,0.5698
P0979,1,耕地,0.6079,0.6034,0.5987
P0980,1,耕地,0.655,0.6606,0.6694
P0981,1,耕地,0.5484,0.5642,0.5845
P0982,1,耕地,0.5753,0.574,0.5713
P0983,1,耕地,0.465,0.4605,0.4541
P0984,1,耕地,0.511,0.4973,0.4866
P0985,1,耕地,0.4529,0.4549,0.4592
P0986,1,耕地,0.6151,0.6146,0.614
P0987,1,耕地,0.4532,0.4521,0.4517
P0988,1,耕地,0.4551,0.468,0.4866
P0989,1,耕地,0.5514,0.5542,0.5612
P0990,1,耕地,0.5332,0.5334,0.5327
P0991,1,耕地,0.4872,0.5113,0.5333
P0992,1,耕地,0.4797,0.5025,0.5242
P0993,1,耕地,0.5944,0.5907,0.5904
P0994,1,耕地,0.5325,0.5397,0.5527
P0995,1,耕地,0.5644,0.5754,0.5807
P0996,1,耕地,0.5868,0.5903,0.5944
P0997,1,耕地,0.4924,0.492,0.4923
P0998,1,耕地,0.5301,0.5403,0.549
P0999,1,耕地,0.5963,0.6097,0.6169
P1000,1,耕地,0.5639,0.5665,0.5763
P1001,1,耕地,0.564,0.5703,0.5758
P1002,1,耕地,0.5093,0.5186,0.5278
P1003,1,耕地,0.4957,0.4984,0.5011
P1004,1,耕地,0.6424,0.6436,0.6454
P1005,1,耕地,0.4555,0.4423,0.4324
P1006,1,耕地,0.6517,0.6376,0.6278
P1007,1,耕地,0.5026,0.5084,0.5154
P1008,1,耕地,0.4871,0.5005,0.5176
P1009,1,耕地,0.4646,0.4812,0.4973
P1010,1,耕地,0.5917,0.5957,0.5994
P1011,1,耕地,0.5878,0.5928,0.6032
P1012,1,耕地,0.4928,0.4942,0.4951
P1013,1,耕地,0.5773,0.5752,0.5683
P1014,1,耕地,0.5419,0.5358,0.5291
P1015,1,耕地,0.6326,0.6367,0.643
P1016,1,耕地,0.4729,0.4675,0.4654
P1017,1,耕地,0.5678,0.566,0.5662
P1018,1,耕地,0.5711,0.5725,0.5744
P1019,1,耕地,0.4641,0.4588,0.4564
P1020,1,耕地,0.5457,0.5414,0.539
P1021,1,耕地,0.5815,0.5837,0.587
P1022,1,耕地,0.5207,0.5273,0.535
P1023,1,耕地,0.637,0.635,0.638
P1024,1,耕地,0.5751,0.5724,0.5747
P1025,1,耕地,0.5766,0.5692,0.5657
P1026,1,耕地,0.4519,0.4578,0.4651
P1027,1,耕地,0.5196,0.5281,0.5357
P1028,1,耕地,0.5203,0.5317,0.5441
P1029,1,耕地,0.6042,0.6025,0.6029
P1030,1,耕地,0.5286,0.5398,0.5472
P1031,1,耕地,0.4597,0.4908,0.5076
P1032,1,耕地,0.5776,0.5759,0.5777
P1033,1,耕地,0.6385,0.6428,0.6492
P1034,1,耕地,0.5163,0.534,0.5635
P1035,1,耕地,0.5227,0.5133,0.5041
P1036,1,耕地,0.5332,0.5298,0.5282
P1037,1,耕地,0.5731,0.5761,0.5803
P1038,1,耕地,0.5893,0.5898,0.592
P1039,1,耕地,0.491,0.5047,0.5145
P1040,1,耕地,0.4975,0.4989,0.4955
P1041,1,耕地,0.4748,0.4926,0.5088
P1042,1,耕地,0.6109,0.6072,0.6016
P1043,1,耕地,0.4875,0.4944,0.5034
P1044,1,耕地,0.5732,0.5599,0.5477
P1045,1,耕地,0.4736,0.4901,0.5135
P1046,1,耕地,0.6051,0.5998,0.5974
P1047,1,耕地,0.5052,0.5144,0.5194
P1048,1,耕地,0.5992,0.598,0.5944
P1049,1,耕地,0.5151,0.5407,0.5569
P1050,1,耕地,0.5262,0.5251,0.5211
P1051,1,耕地,0.463,0.4683,0.4725
P1052,1,耕地,0.4808,0.5029,0.5262
P1053,1,耕地,0.6151,0.6199,0.6294
P1054,1,耕地,0.5787,0.5859,0.5971
P1055,1,耕地,0.5926,0.5941,0.5997
P1056,1,耕地,0.6118,0.607,0.6036
P1057,1,耕地,0.5257,0.5266,0.5315
P1058,1,耕地,0.5696,0.5609,0.5539
P1059,1,耕地,0.4893,0.5041,0.5241
P1060,1,耕地,0.4788,0.485,0.4926
P1061,1,耕地,0.5466,0.5491,0.554
P1062,1,耕地,0.5958,0.5919,0.5915
P1063,1,耕地,0.513,0.5114,0.5156
P1064,1,耕地,0.4525,0.4564,0.4588
P1065,1,耕地,0.5347,0.5447,0.5573
P1066,1,耕地,0.5796,0.5803,0.584
P1067,1,耕地,0.5092,0.5199,0.5333
P1068,1,耕地,0.4699,0.4778,0.4918
P1069,1,耕地,0.581,0.5793,0.5785
P1070,1,耕地,0.5355,0.5338,0.5322
P1071,1,耕地,0.5515,0.5581,0.5662
P1072,1,耕地,0.4699,0.4867,0.5093
P1073,1,耕地,0.5161,0.522,0.5295
P1074,1,耕地,0.5096,0.4989,0.489
P1075,1,耕地,0.6347,0.6386,0.6495
P1076,1,耕地,0.521,0.5299,0.5381
P1077,1,耕地,0.4773,0.4791,0.4829
P1078,1,耕地,0.5341,0.5334,0.5392
P1079,1,耕地,0.5322,0.5408,0.5482
P1080,1,耕地,0.6154,0.6197,0.6266
P1081,1,耕地,0.4501,0.4541,0.4627
P1082,1,耕地,0.5784,0.5605,0.5515
P1083,1,耕地,0.5823,0.5728,0.5643
P1084,1,耕地,0.522,0.5398,0.5557
P1085,1,耕地,0.4631,0.4643,0.4686
P1086,1,耕地,0.4744,0.4997,0.5144
P1087,1,耕地,0.5524,0.5521,0.5551
P1088,1,耕地,0.5604,0.5572,0.5599
P1089,1,耕地,0.4881,0.504,0.5126
P1090,1,耕地,0.4541,0.4688,0.4831
P1091,1,耕地,0.5069,0.5211,0.5428
P1092,1,耕地,0.6143,0.6131,0.6145
P1093,1,耕地,0.6089,0.6067,0.6089
P1094,1,耕地,0.5263,0.5298,0.5353
P1095,1,耕地,0.5134,0.5088,0.5089
P1096,1,耕地,0.4893,0.5116,0.5371
P1097,1,耕地,0.5705,0.5647,0.5658
P1098,1,耕地,0.5638,0.5577,0.5542
P1099,1,耕地,0.6035,0.6018,0.5984
P1100,1,耕地,0.525,0.5257,0.5267
P1101,1,耕地,0.3404,0.3453,0.352
P1102,1,耕地,0.3976,0.4011,0.4084
P1103,1,耕地,0.3413,0.3513,0.3589
P1104,1,耕地,0.2576,0.2891,0.3266
P1105,1,耕地,0.2598,0.2572,0.254
P1106,1,耕地,0.2554,0.2563,0.2546
P1107,1,耕地,0.2577,0.2583,0.2631
P1108,1,耕地,0.2707,0.2783,0.2859
P1109,1,耕地,0.3007,0.309,0.3202
P1110,1,耕地,0.2717,0.2726,0.2715
P1111,1,耕地,0.2252,0.229,0.2329
P1112,1,耕地,0.3998,0.4002,0.4017
P1113,1,耕地,0.3326,0.3293,0.3241
P1114,1,耕地,0.3817,0.3848,0.3888
P1115,1,耕地,0.3598,0.3673,0.3699
P1116,1,耕地,0.2384,0.2333,0.2288
P1117,1,耕地,0.2489,0.2471,0.2412
P1118,1,耕地,0.3823,0.4239,0.4813
P1119,1,耕地,0.3486,0.36,0.3712
P1120,1,耕地,0.3211,0.3087,0.3005
P1121,1,耕地,0.2777,0.2828,0.2856
P1122,1,耕地,0.2577,0.2762,0.2978
P1123,1,耕地,0.348,0.3665,0.3901
P1124,1,耕地,0.2894,0.2779,0.2645
P1125,1,耕地,0.2321,0.2364,0.2377
P1126,1,耕地,0.2433,0.2443,0.2413
P1127,1,耕地,0.3491,0.3384,0.331
P1128,1,耕地,0.2885,0.3034,0.3167
P1129,1,耕地,0.2453,0.2464,0.2462
P1130,1,耕地,0.2358,0.2336,0.2317
P1131,1,耕地,0.2295,0.2438,0.254
P1132,1,耕地,0.3191,0.3364,0.3485
P1133,1,耕地,0.2487,0.2427,0.237
P1134,1,耕地,0.3345,0.3286,0.3249
P1135,1,耕地,0.263,0.2593,0.2564
P1136,1,耕地,0.272,0.2691,0.2682
P1137,1,耕地,0.2696,0.2671,0.2662
P1138,1,耕地,0.2565,0.2697,0.2858
P1139,1,耕地,0.2292,0.2306,0.2315
P1140,1,耕地,0.3258,0.3324,0.3394
P1141,1,耕地,0.3779,0.3864,0.4034
P1142,1,耕地,0.304,0.306,0.3063
P1143,1,耕地,0.2518,0.2492,0.2527
P1144,1,耕地,0.3556,0.3768,0.4069
P1145,1,耕地,0.2362,0.2414,0.2444
P1146,1,耕地,0.3302,0.3367,0.3482
P1147,1,耕地,0.2364,0.2298,0.2272
P1148,1,耕地,0.2301,0.2397,0.2505
P1149,1,耕地,0.3366,0.3427,0.3493
P1150,1,耕地,0.2998,0.3149,0.3336
P1151,1,耕地,0.3034,0.3031,0.3032
P1152,1,耕地,0.39,0.3892,0.3908
P1153,1,耕地,0.2978,0.2905,0.2835
P1154,1,耕地,0.264,0.2681,0.2702
P1155,1,耕地,0.3599,0.3528,0.3481
P1156,1,耕地,0.3716,0.3687,0.3645
P1157,1,耕地,0.2696,0.2657,0.2643
P1158,1,耕地,0.2493,0.2509,0.2508
P1159,1,耕地,0.2771,0.2789,0.2824
P1160,1,耕地,0.3878,0.3854,0.3857
P1161,1,耕地,0.2978,0.2838,0.2705
P1162,1,耕地,0.2771,0.2823,0.2866
P1163,1,耕地,0.2702,0.2707,0.269
P1164,1,耕地,0.3579,0.357,0.357
P1165,1,耕地,0.2406,0.2449,0.2433
P1166,1,耕地,0.2383,0.233,0.2288
P1167,1,耕地,0.3549,0.351,0.3492
P1168,1,耕地,0.2277,0.2287,0.2299
P1169,1,耕地,0.3701,0.3735,0.3767
P1170,1,耕地,0.2732,0.2732,0.2772
P1171,1,耕地,0.2557,0.254,0.2544
P1172,1,耕地,0.3117,0.3225,0.3338
P1173,1,耕地,0.3367,0.3458,0.3549
P1174,1,耕地,0.2335,0.2376,0.239
P1175,1,耕地,0.2317,0.2292,0.2275
P1176,1,耕地,0.2686,0.2614,0.2541
P1177,1,耕地,0.2244,0.2243,0.2233
P1178,1,耕地,0.2233,0.228,0.2288
P1179,1,耕地,0.2555,0.2585,0.2627
P1180,1,耕地,0.2437,0.2464,0.2544
P1181,1,耕地,0.3607,0.3767,0.3895
P1182,1,耕地,0.3327,0.3597,0.3934
P1183,1,耕地,0.2598,0.2646,0.2669
P1184,1,耕地,0.343,0.361,0.375
P1185,1,耕地,0.2642,0.2668,0.2682
P1186,1,耕地,0.2737,0.2711,0.2679
P1187,1,耕地,0.2657,0.2656,0.266
P1188,1,耕地,0.2745,0.2715,0.2686
P1189,1,耕地,0.2574,0.2576,0.2541
P1190,1,耕地,0.2404,0.2473,0.2549
P1191,1,耕地,0.2763,0.2799,0.2829
P1192,1,耕地,0.2455,0.2446,0.2437
P1193,1,耕地,0.3742,0.3673,0.3634
P1194,1,耕地,0.2521,0.256,0.2603
P1195,1,耕地,0.3585,0.3635,0.3699
P1196,1,耕地,0.2799,0.2866,0.2979
P1197,1,耕地,0.2923,0.3024,0.3104
P1198,1,耕地,0.3839,0.4088,0.4346
P1199,1,耕地,0.2996,0.2993,0.2991
P1200,1,耕地,0.342,0.3524,0.3637
P1201,1,耕地,0.3208,0.3262,0.3289
P1202,1,耕地,0.3715,0.3748,0.3774
P1203,1,耕地,0.3246,0.3288,0.3361
P1204,1,耕地,0.2822,0.2882,0.2972
P1205,1,耕地,0.2329,0.2372,0.2422
P1206,1,耕地,0.2541,0.2574,0.26
P1207,1,耕地,0.3826,0.3665,0.3582
P1208,1,耕地,0.2616,0.2849,0.318
P1209,1,耕地,0.2325,0.2363,0.243
P1210,1,耕地,0.3703,0.3638,0.3599
P1211,1,耕地,0.249,0.2422,0.2376
P1212,1,耕地,0.345,0.3531,0.3596
P1213,1,耕地,0.3847,0.3908,0.3929
P1214,1,耕地,0.3047,0.2989,0.294
P1215,1,耕地,0.3318,0.3382,0.3526
P1216,1,耕地,0.3731,0.3832,0.3988
P1217,1,耕地,0.2472,0.2495,0.2484
P1218,1,耕地,0.3624,0.3701,0.3751
P1219,1,耕地,0.3453,0.3768,0.4202
P1220,1,耕地,0.3067,0.3074,0.3102
P1221,1,耕地,0.312,0.3264,0.3418
P1222,1,耕地,0.2322,0.2305,0.229
P1223,1,耕地,0.2607,0.2629,0.2664
P1224,1,耕地,0.2338,0.2278,0.2141
P1225,1,耕地,0.2348,0.2349,0.2397
P1226,1,耕地,0.2951,0.3013,0.303
P1227,1,耕地,0.2983,0.2874,0.2694
P1228,1,耕地,0.2364,0.2404,0.2427
P1229,1,耕地,0.3735,0.3668,0.3559
P1230,1,耕地,0.3491,0.351,0.3512
P1231,1,耕地,0.3615,0.3645,0.3658
P1232,1,耕地,0.3364,0.3255,0.314
P1233,1,耕地,0.3319,0.3198,0.3071
P1234,1,耕地,0.2511,0.2465,0.244
P1235,1,耕地,0.3676,0.3761,0.3852
P1236,1,耕地,0.3412,0.3586,0.3774
P1237,1,耕地,0.2449,0.2654,0.2875
P1238,1,耕地,0.3315,0.3488,0.3708
P1239,1,耕地,0.2737,0.2725,0.2719
P1240,1,耕地,0.3925,0.3991,0.4073
P1241,1,耕地,0.293,0.3017,0.3072
P1242,1,耕地,0.2852,0.2776,0.2766
P1243,1,耕地,0.2394,0.2443,0.2491
P1244,1,耕地,0.2581,0.2564,0.2553
P1245,1,耕地,0.2918,0.2858,0.281
P1246,1,耕地,0.2558,0.2526,0.2501
P1247,1,耕地,0.257,0.2599,0.2593
P1248,1,耕地,0.3711,0.3806,0.3869
P1249,1,耕地,0.2245,0.2228,0.2214
P1250,1,耕地,0.2451,0.245,0.2462
P1251,1,耕地,0.3329,0.3501,0.3612
P1252,1,耕地,0.2514,0.251,0.2471
P1253,1,耕地,0.3259,0.3232,0.3201
P1254,1,耕地,0.3063,0.3314,0.3661
P1255,1,耕地,0.3651,0.3514,0.3409
P1256,1,耕地,0.2496,0.2469,0.2445
P1257,1,耕地,0.3512,0.3712,0.3926
P1258,1,耕地,0.257,0.2668,0.2816
P1259,1,耕地,0.2455,0.2457,0.246
P1260,1,耕地,0.3731,0.3976,0.4196
P1261,1,耕地,0.2538,0.254,0.2551
P1262,1,耕地,0.307,0.2967,0.2903
P1263,1,耕地,0.251,0.2499,0.2544
P1264,1,耕地,0.3875,0.3793,0.368
P1265,1,耕地,0.3619,0.3876,0.4189
P1266,1,耕地,0.2822,0.2933,0.3066
P1267,1,耕地,0.33,0.3267,0.3258
P1268,1,耕地,0.2279,0.2266,0.2252
P1269,1,耕地,0.3597,0.3667,0.3726
P1270,1,耕地,0.2826,0.2767,0.2731
P1271,1,耕地,0.3265,0.3419,0.3569
P1272,1,耕地,0.2611,0.2653,0.2707
P1273,1,耕地,0.3967,0.4335,0.4764
P1274,1,耕地,0.2608,0.2733,0.2891
P1275,1,耕地,0.2847,0.281,0.2776
P1276,1,耕地,0.2811,0.2922,0.3064
P1277,1,耕地,0.3006,0.306,0.3081
P1278,1,耕地,0.2639,0.2714,0.2773
P1279,1,耕地,0.2236,0.2373,0.2465
P1280,1,耕地,0.3,0.2955,0.2931
P1281,1,耕地,0.3513,0.3435,0.3371
P1282,1,耕地,0.2219,0.2207,0.2197
P1283,1,耕地,0.2795,0.2811,0.2815
P1284,1,耕地,0.3039,0.2949,0.2886
P1285,1,耕地,0.2314,0.2333,0.2349
P1286,1,耕地,0.3163,0.3127,0.3109
P1287,1,耕地,0.3599,0.3446,0.3362
P1288,1,耕地,0.2702,0.2649,0.261
P1289,1,耕地,0.2331,0.2305,0.2323
P1290,1,耕地,0.2632,0.2755,0.28
P1291,1,耕地,0.3114,0.3273,0.3392
P1292,1,耕地,0.3069,0.3111,0.3132
P1293,1,耕地,0.2603,0.2861,0.3118
P1294,1,耕地,0.2828,0.2771,0.2743
P1295,1,耕地,0.2744,0.2824,0.2958
P1296,1,耕地,0.2325,0.2285,0.226
P1297,1,耕地,0.2417,0.2464,0.2502
P1298,1,耕地,0.3211,0.3251,0.3257
P1299,1,耕地,0.2806,0.2768,0.2732
P1300,1,耕地,0.3615,0.3573,0.3535
